IDCJAC0001,23752,1880,12,5.3,Y,,,,,,,,,,
IDCJAC0001,23752,1881,1,65.3,Y,,,,,,,,,,
IDCJAC0001,23752,1881,2,0,Y,,,,,,,,,,
IDCJAC0001,23752,1881,3,3.3,Y,,,,,,,,,,
IDCJAC0001,23752,1881,4,38.6,Y,,,,,,,,,,
IDCJAC0001,23752,1881,5,97,Y,,,,,,,,,,
IDCJAC0001,23752,1881,6,152.7,Y,,,,,,,,,,
IDCJAC0001,23752,1881,7,52.1,Y,,,,,,,,,,
IDCJAC0001,23752,1881,8,91.4,Y,,,,,,,,,,
IDCJAC0001,23752,1881,9,46.7,Y,,,,,,,,,,
IDCJAC0001,23752,1881,10,46.2,Y,,,,,,,,,,
IDCJAC0001,23752,1881,11,13.5,Y,,,,,,,,,,
IDCJAC0001,23752,1881,12,2,Y,,,,,,,,,,
IDCJAC0001,23752,1882,1,2,Y,,,,,,,,,,
IDCJAC0001,23752,1882,2,0,Y,,,,,,,,,,
IDCJAC0001,23752,1882,3,9.9,Y,,,,,,,,,,
IDCJAC0001,23752,1882,4,71.6,Y,,,,,,,,,,
IDCJAC0001,23752,1882,5,72.1,Y,,,,,,,,,,
IDCJAC0001,23752,1882,6,60.5,Y,,,,,,,,,,
IDCJAC0001,23752,1882,7,110.5,Y,,,,,,,,,,
IDCJAC0001,23752,1882,8,104.1,Y,,,,,,,,,,
IDCJAC0001,23752,1882,9,39.4,Y,,,,,,,,,,
IDCJAC0001,23752,1882,10,51.8,Y,,,,,,,,,,
IDCJAC0001,23752,1882,11,47.5,Y,,,,,,,,,,
IDCJAC0001,23752,1882,12,11.9,Y,,,,,,,,,,
IDCJAC0001,23752,1883,1,0.8,Y,,,,,,,,,,
IDCJAC0001,23752,1883,2,10.9,Y,,,,,,,,,,
IDCJAC0001,23752,1883,3,19.1,Y,,,,,,,,,,
IDCJAC0001,23752,1883,4,38.4,Y,,,,,,,,,,
IDCJAC0001,23752,1883,5,156.7,Y,,,,,,,,,,
IDCJAC0001,23752,1883,6,119.9,Y,,,,,,,,,,
IDCJAC0001,23752,1883,7,136.1,Y,,,,,,,,,,
IDCJAC0001,23752,1883,8,110.7,Y,,,,,,,,,,
IDCJAC0001,23752,1883,9,79.5,Y,,,,,,,,,,
IDCJAC0001,23752,1883,10,54.6,Y,,,,,,,,,,
IDCJAC0001,23752,1883,11,54.4,Y,,,,,,,,,,
IDCJAC0001,23752,1883,12,32.5,Y,,,,,,,,,,
IDCJAC0001,23752,1884,1,57.1,Y,,,,,,,,,,
IDCJAC0001,23752,1884,2,2.8,Y,,,,,,,,,,
IDCJAC0001,23752,1884,3,59.6,Y,,,,,,,,,,
IDCJAC0001,23752,1884,4,58.7,Y,,,,,,,,,,
IDCJAC0001,23752,1884,5,113.5,Y,,,,,,,,,,
IDCJAC0001,23752,1884,6,145,Y,,,,,,,,,,
IDCJAC0001,23752,1884,7,15.3,Y,,,,,,,,,,
IDCJAC0001,23752,1884,8,99.4,Y,,,,,,,,,,
IDCJAC0001,23752,1884,9,113.3,Y,,,,,,,,,,
IDCJAC0001,23752,1884,10,76,Y,,,,,,,,,,
IDCJAC0001,23752,1884,11,15.5,Y,,,,,,,,,,
IDCJAC0001,23752,1884,12,35.1,Y,,,,,,,,,,
IDCJAC0001,23752,1885,1,9.2,Y,,,,,,,,,,
IDCJAC0001,23752,1885,2,32.3,Y,,,,,,,,,,
IDCJAC0001,23752,1885,3,17.2,Y,,,,,,,,,,
IDCJAC0001,23752,1885,4,20.8,Y,,,,,,,,,,
IDCJAC0001,23752,1885,5,66.3,Y,,,,,,,,,,
IDCJAC0001,23752,1885,6,165,Y,,,,,,,,,,
IDCJAC0001,23752,1885,7,92.7,Y,,,,,,,,,,
IDCJAC0001,23752,1885,8,104.7,Y,,,,,,,,,,
IDCJAC0001,23752,1885,9,76.4,Y,,,,,,,,,,
IDCJAC0001,23752,1885,10,49.1,Y,,,,,,,,,,
IDCJAC0001,23752,1885,11,11.2,Y,,,,,,,,,,
IDCJAC0001,23752,1885,12,10.1,Y,,,,,,,,,,
IDCJAC0001,23752,1886,1,47.2,Y,,,,,,,,,,
IDCJAC0001,23752,1886,2,14,Y,,,,,,,,,,
IDCJAC0001,23752,1886,3,0,Y,,,,,,,,,,
IDCJAC0001,23752,1886,4,47.8,Y,,,,,,,,,,
IDCJAC0001,23752,1886,5,31.7,Y,,,,,,,,,,
IDCJAC0001,23752,1886,6,26.2,Y,,,,,,,,,,
IDCJAC0001,23752,1886,7,106.2,Y,,,,,,,,,,
IDCJAC0001,23752,1886,8,139.9,Y,,,,,,,,,,
IDCJAC0001,23752,1886,9,91.4,Y,,,,,,,,,,
IDCJAC0001,23752,1886,10,131,Y,,,,,,,,,,
IDCJAC0001,23752,1886,11,49.3,Y,,,,,,,,,,
IDCJAC0001,23752,1886,12,19.5,Y,,,,,,,,,,
IDCJAC0001,23752,1887,1,7.1,Y,,,,,,,,,,
IDCJAC0001,23752,1887,2,2.5,Y,,,,,,,,,,
IDCJAC0001,23752,1887,3,26.2,Y,,,,,,,,,,
IDCJAC0001,23752,1887,4,50.6,Y,,,,,,,,,,
IDCJAC0001,23752,1887,5,83.7,Y,,,,,,,,,,
IDCJAC0001,23752,1887,6,180.8,Y,,,,,,,,,,
IDCJAC0001,23752,1887,7,117.1,Y,,,,,,,,,,
IDCJAC0001,23752,1887,8,62.1,Y,,,,,,,,,,
IDCJAC0001,23752,1887,9,110.2,Y,,,,,,,,,,
IDCJAC0001,23752,1887,10,76.9,Y,,,,,,,,,,
IDCJAC0001,23752,1887,11,55.3,Y,,,,,,,,,,
IDCJAC0001,23752,1887,12,23.6,Y,,,,,,,,,,
IDCJAC0001,23752,1888,1,5.3,Y,,,,,,,,,,
IDCJAC0001,23752,1888,2,2.5,Y,,,,,,,,,,
IDCJAC0001,23752,1888,3,6.8,Y,,,,,,,,,,
IDCJAC0001,23752,1888,4,7.6,Y,,,,,,,,,,
IDCJAC0001,23752,1888,5,110.9,Y,,,,,,,,,,
IDCJAC0001,23752,1888,6,121.2,Y,,,,,,,,,,
IDCJAC0001,23752,1888,7,163.2,Y,,,,,,,,,,
IDCJAC0001,23752,1888,8,79,Y,,,,,,,,,,
IDCJAC0001,23752,1888,9,40.3,Y,,,,,,,,,,
IDCJAC0001,23752,1888,10,4.6,Y,,,,,,,,,,
IDCJAC0001,23752,1888,11,17.4,Y,,,,,,,,,,
IDCJAC0001,23752,1888,12,9.7,Y,,,,,,,,,,
IDCJAC0001,23752,1889,1,76.7,Y,,,,,,,,,,
IDCJAC0001,23752,1889,2,6.9,Y,,,,,,,,,,
IDCJAC0001,23752,1889,3,11.2,Y,,,,,,,,,,
IDCJAC0001,23752,1889,4,277.2,Y,,,,,,,,,,
IDCJAC0001,23752,1889,5,99.7,Y,,,,,,,,,,
IDCJAC0001,23752,1889,6,231.8,Y,,,,,,,,,,
IDCJAC0001,23752,1889,7,53.8,Y,,,,,,,,,,
IDCJAC0001,23752,1889,8,163.9,Y,,,,,,,,,,
IDCJAC0001,23752,1889,9,91,Y,,,,,,,,,,
IDCJAC0001,23752,1889,10,70.8,Y,,,,,,,,,,
IDCJAC0001,23752,1889,11,36.4,Y,,,,,,,,,,
IDCJAC0001,23752,1889,12,5.8,Y,,,,,,,,,,
IDCJAC0001,23752,1890,1,66.7,Y,,,,,,,,,,
IDCJAC0001,23752,1890,2,28.7,Y,,,,,,,,,,
IDCJAC0001,23752,1890,3,30.5,Y,,,,,,,,,,
IDCJAC0001,23752,1890,4,29.9,Y,,,,,,,,,,
IDCJAC0001,23752,1890,5,45.3,Y,,,,,,,,,,
IDCJAC0001,23752,1890,6,184.8,Y,,,,,,,,,,
IDCJAC0001,23752,1890,7,210.5,Y,,,,,,,,,,
IDCJAC0001,23752,1890,8,173.2,Y,,,,,,,,,,
IDCJAC0001,23752,1890,9,74.9,Y,,,,,,,,,,
IDCJAC0001,23752,1890,10,86.8,Y,,,,,,,,,,
IDCJAC0001,23752,1890,11,76.4,Y,,,,,,,,,,
IDCJAC0001,23752,1890,12,14.7,Y,,,,,,,,,,
IDCJAC0001,23752,1891,1,23.4,Y,,,,,,,,,,
IDCJAC0001,23752,1891,2,2.8,Y,,,,,,,,,,
IDCJAC0001,23752,1891,3,27.9,Y,,,,,,,,,,
IDCJAC0001,23752,1891,4,27.1,Y,,,,,,,,,,
IDCJAC0001,23752,1891,5,7.9,Y,,,,,,,,,,
IDCJAC0001,23752,1891,6,70.7,Y,,,,,,,,,,
IDCJAC0001,23752,1891,7,135.6,Y,,,,,,,,,,
IDCJAC0001,23752,1891,8,83,Y,,,,,,,,,,
IDCJAC0001,23752,1891,9,37.2,Y,,,,,,,,,,
IDCJAC0001,23752,1891,10,87.1,Y,,,,,,,,,,
IDCJAC0001,23752,1891,11,35.5,Y,,,,,,,,,,
IDCJAC0001,23752,1891,12,45.2,Y,,,,,,,,,,
IDCJAC0001,23752,1892,1,25.1,Y,,,,,,,,,,
IDCJAC0001,23752,1892,2,8.4,Y,,,,,,,,,,
IDCJAC0001,23752,1892,3,10.7,Y,,,,,,,,,,
IDCJAC0001,23752,1892,4,42.6,Y,,,,,,,,,,
IDCJAC0001,23752,1892,5,30,Y,,,,,,,,,,
IDCJAC0001,23752,1892,6,105.4,Y,,,,,,,,,,
IDCJAC0001,23752,1892,7,83.9,Y,,,,,,,,,,
IDCJAC0001,23752,1892,8,141.7,Y,,,,,,,,,,
IDCJAC0001,23752,1892,9,67.3,Y,,,,,,,,,,
IDCJAC0001,23752,1892,10,111.4,Y,,,,,,,,,,
IDCJAC0001,23752,1892,11,26.6,Y,,,,,,,,,,
IDCJAC0001,23752,1892,12,68.6,Y,,,,,,,,,,
IDCJAC0001,23752,1893,1,0,Y,,,,,,,,,,
IDCJAC0001,23752,1893,2,0,Y,,,,,,,,,,
IDCJAC0001,23752,1893,3,8.4,Y,,,,,,,,,,
IDCJAC0001,23752,1893,4,102.1,Y,,,,,,,,,,
IDCJAC0001,23752,1893,5,148.1,Y,,,,,,,,,,
IDCJAC0001,23752,1893,6,196.1,Y,,,,,,,,,,
IDCJAC0001,23752,1893,7,80.5,Y,,,,,,,,,,
IDCJAC0001,23752,1893,8,116.7,Y,,,,,,,,,,
IDCJAC0001,23752,1893,9,139.2,Y,,,,,,,,,,
IDCJAC0001,23752,1893,10,57.6,Y,,,,,,,,,,
IDCJAC0001,23752,1893,11,75,Y,,,,,,,,,,
IDCJAC0001,23752,1893,12,10.9,Y,,,,,,,,,,
IDCJAC0001,23752,1894,1,16,Y,,,,,,,,,,
IDCJAC0001,23752,1894,2,0,Y,,,,,,,,,,
IDCJAC0001,23752,1894,3,81.8,Y,,,,,,,,,,
IDCJAC0001,23752,1894,4,52,Y,,,,,,,,,,
IDCJAC0001,23752,1894,5,46.1,Y,,,,,,,,,,
IDCJAC0001,23752,1894,6,108.2,Y,,,,,,,,,,
IDCJAC0001,23752,1894,7,146.9,Y,,,,,,,,,,
IDCJAC0001,23752,1894,8,117.3,Y,,,,,,,,,,
IDCJAC0001,23752,1894,9,79.8,Y,,,,,,,,,,
IDCJAC0001,23752,1894,10,95.6,Y,,,,,,,,,,
IDCJAC0001,23752,1894,11,8.1,Y,,,,,,,,,,
IDCJAC0001,23752,1894,12,60.9,Y,,,,,,,,,,
IDCJAC0001,23752,1895,1,24.8,Y,,,,,,,,,,
IDCJAC0001,23752,1895,2,3.6,Y,,,,,,,,,,
IDCJAC0001,23752,1895,3,14.5,Y,,,,,,,,,,
IDCJAC0001,23752,1895,4,126.4,Y,,,,,,,,,,
IDCJAC0001,23752,1895,5,16.3,Y,,,,,,,,,,
IDCJAC0001,23752,1895,6,104.3,Y,,,,,,,,,,
IDCJAC0001,23752,1895,7,146.5,Y,,,,,,,,,,
IDCJAC0001,23752,1895,8,88.5,Y,,,,,,,,,,
IDCJAC0001,23752,1895,9,53.8,Y,,,,,,,,,,
IDCJAC0001,23752,1895,10,34.6,Y,,,,,,,,,,
IDCJAC0001,23752,1895,11,0,Y,,,,,,,,,,
IDCJAC0001,23752,1895,12,29.7,Y,,,,,,,,,,
IDCJAC0001,23752,1896,1,44.9,Y,,,,,,,,,,
IDCJAC0001,23752,1896,2,11.9,Y,,,,,,,,,,
IDCJAC0001,23752,1896,3,29.4,Y,,,,,,,,,,
IDCJAC0001,23752,1896,4,109.1,Y,,,,,,,,,,
IDCJAC0001,23752,1896,5,55.4,Y,,,,,,,,,,
IDCJAC0001,23752,1896,6,116,Y,,,,,,,,,,
IDCJAC0001,23752,1896,7,41.9,Y,,,,,,,,,,
IDCJAC0001,23752,1896,8,48.9,Y,,,,,,,,,,
IDCJAC0001,23752,1896,9,14.8,Y,,,,,,,,,,
IDCJAC0001,23752,1896,10,22.1,Y,,,,,,,,,,
IDCJAC0001,23752,1896,11,10.2,Y,,,,,,,,,,
IDCJAC0001,23752,1896,12,39.1,Y,,,,,,,,,,
IDCJAC0001,23752,1897,1,5.6,Y,,,,,,,,,,
IDCJAC0001,23752,1897,2,24.9,Y,,,,,,,,,,
IDCJAC0001,23752,1897,3,16,Y,,,,,,,,,,
IDCJAC0001,23752,1897,4,30.4,Y,,,,,,,,,,
IDCJAC0001,23752,1897,5,59.9,Y,,,,,,,,,,
IDCJAC0001,23752,1897,6,76,Y,,,,,,,,,,
IDCJAC0001,23752,1897,7,69.3,Y,,,,,,,,,,
IDCJAC0001,23752,1897,8,115,Y,,,,,,,,,,
IDCJAC0001,23752,1897,9,87,Y,,,,,,,,,,
IDCJAC0001,23752,1897,10,9.9,Y,,,,,,,,,,
IDCJAC0001,23752,1897,11,13.2,Y,,,,,,,,,,
IDCJAC0001,23752,1897,12,1.3,Y,,,,,,,,,,
IDCJAC0001,23752,1898,1,0,Y,,,,,,,,,,
IDCJAC0001,23752,1898,2,38.3,Y,,,,,,,,,,
IDCJAC0001,23752,1898,3,22.1,Y,,,,,,,,,,
IDCJAC0001,23752,1898,4,132.8,Y,,,,,,,,,,
IDCJAC0001,23752,1898,5,148.3,Y,,,,,,,,,,
IDCJAC0001,23752,1898,6,112.1,Y,,,,,,,,,,
IDCJAC0001,23752,1898,7,101.5,Y,,,,,,,,,,
IDCJAC0001,23752,1898,8,64.8,Y,,,,,,,,,,
IDCJAC0001,23752,1898,9,29.5,Y,,,,,,,,,,
IDCJAC0001,23752,1898,10,49.1,Y,,,,,,,,,,
IDCJAC0001,23752,1898,11,37.8,Y,,,,,,,,,,
IDCJAC0001,23752,1898,12,2.5,Y,,,,,,,,,,
IDCJAC0001,23752,1899,1,36.7,Y,,,,,,,,,,
IDCJAC0001,23752,1899,2,43.9,Y,,,,,,,,,,
IDCJAC0001,23752,1899,3,28.2,Y,,,,,,,,,,
IDCJAC0001,23752,1899,4,68.5,Y,,,,,,,,,,
IDCJAC0001,23752,1899,5,70.4,Y,,,,,,,,,,
IDCJAC0001,23752,1899,6,128.6,Y,,,,,,,,,,
IDCJAC0001,23752,1899,7,17.5,Y,,,,,,,,,,
IDCJAC0001,23752,1899,8,35.8,Y,,,,,,,,,,
IDCJAC0001,23752,1899,9,56.5,Y,,,,,,,,,,
IDCJAC0001,23752,1899,10,26.1,Y,,,,,,,,,,
IDCJAC0001,23752,1899,11,61.5,Y,,,,,,,,,,
IDCJAC0001,23752,1899,12,8.4,Y,,,,,,,,,,
IDCJAC0001,23752,1900,1,24.5,Y,,,,,,,,,,
IDCJAC0001,23752,1900,2,0,Y,,,,,,,,,,
IDCJAC0001,23752,1900,3,79.2,Y,,,,,,,,,,
IDCJAC0001,23752,1900,4,106.7,Y,,,,,,,,,,
IDCJAC0001,23752,1900,5,40.6,Y,,,,,,,,,,
IDCJAC0001,23752,1900,6,130.8,Y,,,,,,,,,,
IDCJAC0001,23752,1900,7,35.6,Y,,,,,,,,,,
IDCJAC0001,23752,1900,8,192.8,Y,,,,,,,,,,
IDCJAC0001,23752,1900,9,66.5,Y,,,,,,,,,,
IDCJAC0001,23752,1900,10,27.2,Y,,,,,,,,,,
IDCJAC0001,23752,1900,11,28.2,Y,,,,,,,,,,
IDCJAC0001,23752,1900,12,12.9,Y,,,,,,,,,,
IDCJAC0001,23752,1901,1,31.8,Y,,,,,,,,,,
IDCJAC0001,23752,1901,2,2.5,Y,,,,,,,,,,
IDCJAC0001,23752,1901,3,5.9,Y,,,,,,,,,,
IDCJAC0001,23752,1901,4,51.1,Y,,,,,,,,,,
IDCJAC0001,23752,1901,5,28.2,Y,,,,,,,,,,
IDCJAC0001,23752,1901,6,157.2,Y,,,,,,,,,,
IDCJAC0001,23752,1901,7,64.9,Y,,,,,,,,,,
IDCJAC0001,23752,1901,8,39.8,Y,,,,,,,,,,
IDCJAC0001,23752,1901,9,58.4,Y,,,,,,,,,,
IDCJAC0001,23752,1901,10,96.8,Y,,,,,,,,,,
IDCJAC0001,23752,1901,11,23.3,Y,,,,,,,,,,
IDCJAC0001,23752,1901,12,27.3,Y,,,,,,,,,,
IDCJAC0001,23752,1902,1,11.7,Y,,,,,,,,,,
IDCJAC0001,23752,1902,2,18.8,Y,,,,,,,,,,
IDCJAC0001,23752,1902,3,72.1,Y,,,,,,,,,,
IDCJAC0001,23752,1902,4,3,Y,,,,,,,,,,
IDCJAC0001,23752,1902,5,18.3,Y,,,,,,,,,,
IDCJAC0001,23752,1902,6,176,Y,,,,,,,,,,
IDCJAC0001,23752,1902,7,57.4,Y,,,,,,,,,,
IDCJAC0001,23752,1902,8,41.8,Y,,,,,,,,,,
IDCJAC0001,23752,1902,9,44.3,Y,,,,,,,,,,
IDCJAC0001,23752,1902,10,47.2,Y,,,,,,,,,,
IDCJAC0001,23752,1902,11,8.4,Y,,,,,,,,,,
IDCJAC0001,23752,1902,12,89.2,Y,,,,,,,,,,
IDCJAC0001,23752,1903,1,9.7,Y,,,,,,,,,,
IDCJAC0001,23752,1903,2,40.7,Y,,,,,,,,,,
IDCJAC0001,23752,1903,3,31.4,Y,,,,,,,,,,
IDCJAC0001,23752,1903,4,117.4,Y,,,,,,,,,,
IDCJAC0001,23752,1903,5,34.8,Y,,,,,,,,,,
IDCJAC0001,23752,1903,6,139.4,Y,,,,,,,,,,
IDCJAC0001,23752,1903,7,107,Y,,,,,,,,,,
IDCJAC0001,23752,1903,8,61,Y,,,,,,,,,,
IDCJAC0001,23752,1903,9,79.2,Y,,,,,,,,,,
IDCJAC0001,23752,1903,10,18,Y,,,,,,,,,,
IDCJAC0001,23752,1903,11,87.4,Y,,,,,,,,,,
IDCJAC0001,23752,1903,12,50.8,Y,,,,,,,,,,
IDCJAC0001,23752,1904,1,76.8,Y,,,,,,,,,,
IDCJAC0001,23752,1904,2,18.3,Y,,,,,,,,,,
IDCJAC0001,23752,1904,3,5.3,Y,,,,,,,,,,
IDCJAC0001,23752,1904,4,37.1,Y,,,,,,,,,,
IDCJAC0001,23752,1904,5,27.9,Y,,,,,,,,,,
IDCJAC0001,23752,1904,6,165.5,Y,,,,,,,,,,
IDCJAC0001,23752,1904,7,90.2,Y,,,,,,,,,,
IDCJAC0001,23752,1904,8,71.2,Y,,,,,,,,,,
IDCJAC0001,23752,1904,9,16.5,Y,,,,,,,,,,
IDCJAC0001,23752,1904,10,54.1,Y,,,,,,,,,,
IDCJAC0001,23752,1904,11,36.9,Y,,,,,,,,,,
IDCJAC0001,23752,1904,12,0,Y,,,,,,,,,,
IDCJAC0001,23752,1905,1,30.7,Y,,,,,,,,,,
IDCJAC0001,23752,1905,2,0,Y,,,,,,,,,,
IDCJAC0001,23752,1905,3,0,Y,,,,,,,,,,
IDCJAC0001,23752,1905,4,108.1,Y,,,,,,,,,,
IDCJAC0001,23752,1905,5,66.7,Y,,,,,,,,,,
IDCJAC0001,23752,1905,6,149,Y,,,,,,,,,,
IDCJAC0001,23752,1905,7,142,Y,,,,,,,,,,
IDCJAC0001,23752,1905,8,61.8,Y,,,,,,,,,,
IDCJAC0001,23752,1905,9,31.1,Y,,,,,,,,,,
IDCJAC0001,23752,1905,10,122.5,Y,,,,,,,,,,
IDCJAC0001,23752,1905,11,0,Y,,,,,,,,,,
IDCJAC0001,23752,1905,12,0,Y,,,,,,,,,,
IDCJAC0001,23752,1906,1,0,Y,,,,,,,,,,
IDCJAC0001,23752,1906,2,5.8,Y,,,,,,,,,,
IDCJAC0001,23752,1906,3,39.2,Y,,,,,,,,,,
IDCJAC0001,23752,1906,4,41.2,Y,,,,,,,,,,
IDCJAC0001,23752,1906,5,46.3,Y,,,,,,,,,,
IDCJAC0001,23752,1906,6,156.5,Y,,,,,,,,,,
IDCJAC0001,23752,1906,7,127.9,Y,,,,,,,,,,
IDCJAC0001,23752,1906,8,122.1,Y,,,,,,,,,,
IDCJAC0001,23752,1906,9,104,Y,,,,,,,,,,
IDCJAC0001,23752,1906,10,71.8,Y,,,,,,,,,,
IDCJAC0001,23752,1906,11,86.1,Y,,,,,,,,,,
IDCJAC0001,23752,1906,12,37.4,Y,,,,,,,,,,
IDCJAC0001,23752,1907,1,0,Y,,,,,,,,,,
IDCJAC0001,23752,1907,2,10.4,Y,,,,,,,,,,
IDCJAC0001,23752,1907,3,19.3,Y,,,,,,,,,,
IDCJAC0001,23752,1907,4,95,Y,,,,,,,,,,
IDCJAC0001,23752,1907,5,45.2,Y,,,,,,,,,,
IDCJAC0001,23752,1907,6,70.1,Y,,,,,,,,,,
IDCJAC0001,23752,1907,7,91.2,Y,,,,,,,,,,
IDCJAC0001,23752,1907,8,102.8,Y,,,,,,,,,,
IDCJAC0001,23752,1907,9,44.9,Y,,,,,,,,,,
IDCJAC0001,23752,1907,10,47.6,Y,,,,,,,,,,
IDCJAC0001,23752,1907,11,75.9,Y,,,,,,,,,,
IDCJAC0001,23752,1907,12,13.6,Y,,,,,,,,,,
IDCJAC0001,23752,1908,1,12.2,Y,,,,,,,,,,
IDCJAC0001,23752,1908,2,14,Y,,,,,,,,,,
IDCJAC0001,23752,1908,3,51.1,Y,,,,,,,,,,
IDCJAC0001,23752,1908,4,18.3,Y,,,,,,,,,,
IDCJAC0001,23752,1908,5,151.6,Y,,,,,,,,,,
IDCJAC0001,23752,1908,6,152.2,Y,,,,,,,,,,
IDCJAC0001,23752,1908,7,63.2,Y,,,,,,,,,,
IDCJAC0001,23752,1908,8,88.1,Y,,,,,,,,,,
IDCJAC0001,23752,1908,9,125.4,Y,,,,,,,,,,
IDCJAC0001,23752,1908,10,87.8,Y,,,,,,,,,,
IDCJAC0001,23752,1908,11,6.1,Y,,,,,,,,,,
IDCJAC0001,23752,1908,12,12.7,Y,,,,,,,,,,
IDCJAC0001,23752,1909,1,25.4,Y,,,,,,,,,,
IDCJAC0001,23752,1909,2,22.6,Y,,,,,,,,,,
IDCJAC0001,23752,1909,3,25.8,Y,,,,,,,,,,
IDCJAC0001,23752,1909,4,119.2,Y,,,,,,,,,,
IDCJAC0001,23752,1909,5,164.2,Y,,,,,,,,,,
IDCJAC0001,23752,1909,6,91.1,Y,,,,,,,,,,
IDCJAC0001,23752,1909,7,128.7,Y,,,,,,,,,,
IDCJAC0001,23752,1909,8,169,Y,,,,,,,,,,
IDCJAC0001,23752,1909,9,52.3,Y,,,,,,,,,,
IDCJAC0001,23752,1909,10,70.6,Y,,,,,,,,,,
IDCJAC0001,23752,1909,11,62.6,Y,,,,,,,,,,
IDCJAC0001,23752,1909,12,17.5,Y,,,,,,,,,,
IDCJAC0001,23752,1910,1,8.6,Y,,,,,,,,,,
IDCJAC0001,23752,1910,2,0,Y,,,,,,,,,,
IDCJAC0001,23752,1910,3,93.4,Y,,,,,,,,,,
IDCJAC0001,23752,1910,4,10.4,Y,,,,,,,,,,
IDCJAC0001,23752,1910,5,153.2,Y,,,,,,,,,,
IDCJAC0001,23752,1910,6,100.7,Y,,,,,,,,,,
IDCJAC0001,23752,1910,7,128,Y,,,,,,,,,,
IDCJAC0001,23752,1910,8,95,Y,,,,,,,,,,
IDCJAC0001,23752,1910,9,76.6,Y,,,,,,,,,,
IDCJAC0001,23752,1910,10,114.5,Y,,,,,,,,,,
IDCJAC0001,23752,1910,11,48.9,Y,,,,,,,,,,
IDCJAC0001,23752,1910,12,84.6,Y,,,,,,,,,,
IDCJAC0001,23752,1911,1,2,Y,,,,,,,,,,
IDCJAC0001,23752,1911,2,35.6,Y,,,,,,,,,,
IDCJAC0001,23752,1911,3,3.3,Y,,,,,,,,,,
IDCJAC0001,23752,1911,4,16.9,Y,,,,,,,,,,
IDCJAC0001,23752,1911,5,76.2,Y,,,,,,,,,,
IDCJAC0001,23752,1911,6,113.8,Y,,,,,,,,,,
IDCJAC0001,23752,1911,7,67.6,Y,,,,,,,,,,
IDCJAC0001,23752,1911,8,37.6,Y,,,,,,,,,,
IDCJAC0001,23752,1911,9,64.9,Y,,,,,,,,,,
IDCJAC0001,23752,1911,10,21.6,Y,,,,,,,,,,
IDCJAC0001,23752,1911,11,3.6,Y,,,,,,,,,,
IDCJAC0001,23752,1911,12,56.4,Y,,,,,,,,,,
IDCJAC0001,23752,1912,1,1.3,Y,,,,,,,,,,
IDCJAC0001,23752,1912,2,32,Y,,,,,,,,,,
IDCJAC0001,23752,1912,3,32.3,Y,,,,,,,,,,
IDCJAC0001,23752,1912,4,39.4,Y,,,,,,,,,,
IDCJAC0001,23752,1912,5,13.4,Y,,,,,,,,,,
IDCJAC0001,23752,1912,6,101.6,Y,,,,,,,,,,
IDCJAC0001,23752,1912,7,80.6,Y,,,,,,,,,,
IDCJAC0001,23752,1912,8,98.3,Y,,,,,,,,,,
IDCJAC0001,23752,1912,9,137.4,Y,,,,,,,,,,
IDCJAC0001,23752,1912,10,44.4,Y,,,,,,,,,,
IDCJAC0001,23752,1912,11,85.4,Y,,,,,,,,,,
IDCJAC0001,23752,1912,12,41.5,Y,,,,,,,,,,
IDCJAC0001,23752,1913,1,1.8,Y,,,,,,,,,,
IDCJAC0001,23752,1913,2,77,Y,,,,,,,,,,
IDCJAC0001,23752,1913,3,54.7,Y,,,,,,,,,,
IDCJAC0001,23752,1913,4,19.9,Y,,,,,,,,,,
IDCJAC0001,23752,1913,5,19,Y,,,,,,,,,,
IDCJAC0001,23752,1913,6,9.2,Y,,,,,,,,,,
IDCJAC0001,23752,1913,7,35.6,Y,,,,,,,,,,
IDCJAC0001,23752,1913,8,82,Y,,,,,,,,,,
IDCJAC0001,23752,1913,9,72.8,Y,,,,,,,,,,
IDCJAC0001,23752,1913,10,66.1,Y,,,,,,,,,,
IDCJAC0001,23752,1913,11,35,Y,,,,,,,,,,
IDCJAC0001,23752,1913,12,24.7,Y,,,,,,,,,,
IDCJAC0001,23752,1914,1,25.7,Y,,,,,,,,,,
IDCJAC0001,23752,1914,2,11.7,Y,,,,,,,,,,
IDCJAC0001,23752,1914,3,19.6,Y,,,,,,,,,,
IDCJAC0001,23752,1914,4,66.1,Y,,,,,,,,,,
IDCJAC0001,23752,1914,5,46.2,Y,,,,,,,,,,
IDCJAC0001,23752,1914,6,15.4,Y,,,,,,,,,,
IDCJAC0001,23752,1914,7,49.8,Y,,,,,,,,,,
IDCJAC0001,23752,1914,8,6.4,Y,,,,,,,,,,
IDCJAC0001,23752,1914,9,7.6,Y,,,,,,,,,,
IDCJAC0001,23752,1914,10,0,Y,,,,,,,,,,
IDCJAC0001,23752,1914,11,39.6,Y,,,,,,,,,,
IDCJAC0001,23752,1914,12,22.4,Y,,,,,,,,,,
IDCJAC0001,23752,1915,1,21.1,Y,,,,,,,,,,
IDCJAC0001,23752,1915,2,0,Y,,,,,,,,,,
IDCJAC0001,23752,1915,3,8.9,Y,,,,,,,,,,
IDCJAC0001,23752,1915,4,51.1,Y,,,,,,,,,,
IDCJAC0001,23752,1915,5,129.8,Y,,,,,,,,,,
IDCJAC0001,23752,1915,6,143.2,Y,,,,,,,,,,
IDCJAC0001,23752,1915,7,64.5,Y,,,,,,,,,,
IDCJAC0001,23752,1915,8,92.2,Y,,,,,,,,,,
IDCJAC0001,23752,1915,9,108.3,Y,,,,,,,,,,
IDCJAC0001,23752,1915,10,37.2,Y,,,,,,,,,,
IDCJAC0001,23752,1915,11,5.6,Y,,,,,,,,,,
IDCJAC0001,23752,1915,12,7.1,Y,,,,,,,,,,
IDCJAC0001,23752,1916,1,28.6,Y,,,,,,,,,,
IDCJAC0001,23752,1916,2,7.9,Y,,,,,,,,,,
IDCJAC0001,23752,1916,3,16.2,Y,,,,,,,,,,
IDCJAC0001,23752,1916,4,27.5,Y,,,,,,,,,,
IDCJAC0001,23752,1916,5,43.7,Y,,,,,,,,,,
IDCJAC0001,23752,1916,6,286.1,Y,,,,,,,,,,
IDCJAC0001,23752,1916,7,92.7,Y,,,,,,,,,,
IDCJAC0001,23752,1916,8,148.4,Y,,,,,,,,,,
IDCJAC0001,23752,1916,9,44.8,Y,,,,,,,,,,
IDCJAC0001,23752,1916,10,59,Y,,,,,,,,,,
IDCJAC0001,23752,1916,11,90.6,Y,,,,,,,,,,
IDCJAC0001,23752,1916,12,17.1,Y,,,,,,,,,,
IDCJAC0001,23752,1917,1,16.2,Y,,,,,,,,,,
IDCJAC0001,23752,1917,2,51.2,Y,,,,,,,,,,
IDCJAC0001,23752,1917,3,43.8,Y,,,,,,,,,,
IDCJAC0001,23752,1917,4,25.4,Y,,,,,,,,,,
IDCJAC0001,23752,1917,5,174.6,Y,,,,,,,,,,
IDCJAC0001,23752,1917,6,100.6,Y,,,,,,,,,,
IDCJAC0001,23752,1917,7,176.9,Y,,,,,,,,,,
IDCJAC0001,23752,1917,8,132.8,Y,,,,,,,,,,
IDCJAC0001,23752,1917,9,128.8,Y,,,,,,,,,,
IDCJAC0001,23752,1917,10,57.8,Y,,,,,,,,,,
IDCJAC0001,23752,1917,11,32.8,Y,,,,,,,,,,
IDCJAC0001,23752,1917,12,26.3,Y,,,,,,,,,,
IDCJAC0001,23752,1918,1,6.9,Y,,,,,,,,,,
IDCJAC0001,23752,1918,2,13,Y,,,,,,,,,,
IDCJAC0001,23752,1918,3,17.8,Y,,,,,,,,,,
IDCJAC0001,23752,1918,4,29.8,Y,,,,,,,,,,
IDCJAC0001,23752,1918,5,86.8,Y,,,,,,,,,,
IDCJAC0001,23752,1918,6,79.9,Y,,,,,,,,,,
IDCJAC0001,23752,1918,7,71.4,Y,,,,,,,,,,
IDCJAC0001,23752,1918,8,74.9,Y,,,,,,,,,,
IDCJAC0001,23752,1918,9,19.1,Y,,,,,,,,,,
IDCJAC0001,23752,1918,10,56.4,Y,,,,,,,,,,
IDCJAC0001,23752,1918,11,7.4,Y,,,,,,,,,,
IDCJAC0001,23752,1918,12,7.7,Y,,,,,,,,,,
IDCJAC0001,23752,1919,1,2,Y,,,,,,,,,,
IDCJAC0001,23752,1919,2,65.3,Y,,,,,,,,,,
IDCJAC0001,23752,1919,3,0,Y,,,,,,,,,,
IDCJAC0001,23752,1919,4,5.1,Y,,,,,,,,,,
IDCJAC0001,23752,1919,5,51.4,Y,,,,,,,,,,
IDCJAC0001,23752,1919,6,56.8,Y,,,,,,,,,,
IDCJAC0001,23752,1919,7,44.8,Y,,,,,,,,,,
IDCJAC0001,23752,1919,8,84.1,Y,,,,,,,,,,
IDCJAC0001,23752,1919,9,70.9,Y,,,,,,,,,,
IDCJAC0001,23752,1919,10,34.9,Y,,,,,,,,,,
IDCJAC0001,23752,1919,11,2.5,Y,,,,,,,,,,
IDCJAC0001,23752,1919,12,34.1,Y,,,,,,,,,,
IDCJAC0001,23752,1920,1,9.9,Y,,,,,,,,,,
IDCJAC0001,23752,1920,2,0,Y,,,,,,,,,,
IDCJAC0001,23752,1920,3,27.4,Y,,,,,,,,,,
IDCJAC0001,23752,1920,4,9.7,Y,,,,,,,,,,
IDCJAC0001,23752,1920,5,62,Y,,,,,,,,,,
IDCJAC0001,23752,1920,6,172.8,Y,,,,,,,,,,
IDCJAC0001,23752,1920,7,76.1,Y,,,,,,,,,,
IDCJAC0001,23752,1920,8,119.9,Y,,,,,,,,,,
IDCJAC0001,23752,1920,9,68.3,Y,,,,,,,,,,
IDCJAC0001,23752,1920,10,61.8,Y,,,,,,,,,,
IDCJAC0001,23752,1920,11,76,Y,,,,,,,,,,
IDCJAC0001,23752,1920,12,48.5,Y,,,,,,,,,,
IDCJAC0001,23752,1921,1,57.2,Y,,,,,,,,,,
IDCJAC0001,23752,1921,2,29.2,Y,,,,,,,,,,
IDCJAC0001,23752,1921,3,45.5,Y,,,,,,,,,,
IDCJAC0001,23752,1921,4,14,Y,,,,,,,,,,
IDCJAC0001,23752,1921,5,95.1,Y,,,,,,,,,,
IDCJAC0001,23752,1921,6,50.8,Y,,,,,,,,,,
IDCJAC0001,23752,1921,7,62.6,Y,,,,,,,,,,
IDCJAC0001,23752,1921,8,57.1,Y,,,,,,,,,,
IDCJAC0001,23752,1921,9,103,Y,,,,,,,,,,
IDCJAC0001,23752,1921,10,52.6,Y,,,,,,,,,,
IDCJAC0001,23752,1921,11,59.6,Y,,,,,,,,,,
IDCJAC0001,23752,1921,12,21.5,Y,,,,,,,,,,
IDCJAC0001,23752,1922,1,53.5,Y,,,,,,,,,,
IDCJAC0001,23752,1922,2,3.8,Y,,,,,,,,,,
IDCJAC0001,23752,1922,3,1.3,Y,,,,,,,,,,
IDCJAC0001,23752,1922,4,29.5,Y,,,,,,,,,,
IDCJAC0001,23752,1922,5,143.6,Y,,,,,,,,,,
IDCJAC0001,23752,1922,6,65.7,Y,,,,,,,,,,
IDCJAC0001,23752,1922,7,124.5,Y,,,,,,,,,,
IDCJAC0001,23752,1922,8,81.2,Y,,,,,,,,,,
IDCJAC0001,23752,1922,9,47,Y,,,,,,,,,,
IDCJAC0001,23752,1922,10,47,Y,,,,,,,,,,
IDCJAC0001,23752,1922,11,0,Y,,,,,,,,,,
IDCJAC0001,23752,1922,12,110.2,Y,,,,,,,,,,
IDCJAC0001,23752,1923,1,6.3,Y,,,,,,,,,,
IDCJAC0001,23752,1923,2,3.6,Y,,,,,,,,,,
IDCJAC0001,23752,1923,3,0,Y,,,,,,,,,,
IDCJAC0001,23752,1923,4,1,Y,,,,,,,,,,
IDCJAC0001,23752,1923,5,193.1,Y,,,,,,,,,,
IDCJAC0001,23752,1923,6,239.2,Y,,,,,,,,,,
IDCJAC0001,23752,1923,7,145.4,Y,,,,,,,,,,
IDCJAC0001,23752,1923,8,103.1,Y,,,,,,,,,,
IDCJAC0001,23752,1923,9,167.9,Y,,,,,,,,,,
IDCJAC0001,23752,1923,10,58.7,Y,,,,,,,,,,
IDCJAC0001,23752,1923,11,21.6,Y,,,,,,,,,,
IDCJAC0001,23752,1923,12,50.6,Y,,,,,,,,,,
IDCJAC0001,23752,1924,1,27.6,Y,,,,,,,,,,
IDCJAC0001,23752,1924,2,51.5,Y,,,,,,,,,,
IDCJAC0001,23752,1924,3,35.3,Y,,,,,,,,,,
IDCJAC0001,23752,1924,4,19.8,Y,,,,,,,,,,
IDCJAC0001,23752,1924,5,74.9,Y,,,,,,,,,,
IDCJAC0001,23752,1924,6,124.3,Y,,,,,,,,,,
IDCJAC0001,23752,1924,7,23.2,Y,,,,,,,,,,
IDCJAC0001,23752,1924,8,92.8,Y,,,,,,,,,,
IDCJAC0001,23752,1924,9,111.9,Y,,,,,,,,,,
IDCJAC0001,23752,1924,10,112.7,Y,,,,,,,,,,
IDCJAC0001,23752,1924,11,52.6,Y,,,,,,,,,,
IDCJAC0001,23752,1924,12,10.5,Y,,,,,,,,,,
IDCJAC0001,23752,1925,1,12,Y,,,,,,,,,,
IDCJAC0001,23752,1925,2,27.9,Y,,,,,,,,,,
IDCJAC0001,23752,1925,3,14,Y,,,,,,,,,,
IDCJAC0001,23752,1925,4,37.4,Y,,,,,,,,,,
IDCJAC0001,23752,1925,5,62.5,Y,,,,,,,,,,
IDCJAC0001,23752,1925,6,64.8,Y,,,,,,,,,,
IDCJAC0001,23752,1925,7,93,Y,,,,,,,,,,
IDCJAC0001,23752,1925,8,77.1,Y,,,,,,,,,,
IDCJAC0001,23752,1925,9,158.6,Y,,,,,,,,,,
IDCJAC0001,23752,1925,10,32.6,Y,,,,,,,,,,
IDCJAC0001,23752,1925,11,14.6,Y,,,,,,,,,,
IDCJAC0001,23752,1925,12,0,Y,,,,,,,,,,
IDCJAC0001,23752,1926,1,0,Y,,,,,,,,,,
IDCJAC0001,23752,1926,2,21.3,Y,,,,,,,,,,
IDCJAC0001,23752,1926,3,2.8,Y,,,,,,,,,,
IDCJAC0001,23752,1926,4,73.5,Y,,,,,,,,,,
IDCJAC0001,23752,1926,5,202,Y,,,,,,,,,,
IDCJAC0001,23752,1926,6,88.9,Y,,,,,,,,,,
IDCJAC0001,23752,1926,7,115.5,Y,,,,,,,,,,
IDCJAC0001,23752,1926,8,209.8,Y,,,,,,,,,,
IDCJAC0001,23752,1926,9,68.7,Y,,,,,,,,,,
IDCJAC0001,23752,1926,10,158.9,Y,,,,,,,,,,
IDCJAC0001,23752,1926,11,29.4,Y,,,,,,,,,,
IDCJAC0001,23752,1926,12,11.2,Y,,,,,,,,,,
IDCJAC0001,23752,1927,1,11.9,Y,,,,,,,,,,
IDCJAC0001,23752,1927,2,29.2,Y,,,,,,,,,,
IDCJAC0001,23752,1927,3,23.5,Y,,,,,,,,,,
IDCJAC0001,23752,1927,4,9.7,Y,,,,,,,,,,
IDCJAC0001,23752,1927,5,98.1,Y,,,,,,,,,,
IDCJAC0001,23752,1927,6,53.5,Y,,,,,,,,,,
IDCJAC0001,23752,1927,7,102.8,Y,,,,,,,,,,
IDCJAC0001,23752,1927,8,161.7,Y,,,,,,,,,,
IDCJAC0001,23752,1927,9,37.4,Y,,,,,,,,,,
IDCJAC0001,23752,1927,10,17.8,Y,,,,,,,,,,
IDCJAC0001,23752,1927,11,55.5,Y,,,,,,,,,,
IDCJAC0001,23752,1927,12,39.5,Y,,,,,,,,,,
IDCJAC0001,23752,1928,1,34.6,Y,,,,,,,,,,
IDCJAC0001,23752,1928,2,72.9,Y,,,,,,,,,,
IDCJAC0001,23752,1928,3,31.5,Y,,,,,,,,,,
IDCJAC0001,23752,1928,4,32,Y,,,,,,,,,,
IDCJAC0001,23752,1928,5,88.1,Y,,,,,,,,,,
IDCJAC0001,23752,1928,6,116.5,Y,,,,,,,,,,
IDCJAC0001,23752,1928,7,91,Y,,,,,,,,,,
IDCJAC0001,23752,1928,8,21.9,Y,,,,,,,,,,
IDCJAC0001,23752,1928,9,63.5,Y,,,,,,,,,,
IDCJAC0001,23752,1928,10,118.7,Y,,,,,,,,,,
IDCJAC0001,23752,1928,11,7.9,Y,,,,,,,,,,
IDCJAC0001,23752,1928,12,8.9,Y,,,,,,,,,,
IDCJAC0001,23752,1929,1,31.8,Y,,,,,,,,,,
IDCJAC0001,23752,1929,2,14.5,Y,,,,,,,,,,
IDCJAC0001,23752,1929,3,5.1,Y,,,,,,,,,,
IDCJAC0001,23752,1929,4,16.8,Y,,,,,,,,,,
IDCJAC0001,23752,1929,5,38.2,Y,,,,,,,,,,
IDCJAC0001,23752,1929,6,107.7,Y,,,,,,,,,,
IDCJAC0001,23752,1929,7,61,Y,,,,,,,,,,
IDCJAC0001,23752,1929,8,51.2,Y,,,,,,,,,,
IDCJAC0001,23752,1929,9,70.9,Y,,,,,,,,,,
IDCJAC0001,23752,1929,10,23.3,Y,,,,,,,,,,
IDCJAC0001,23752,1929,11,37,Y,,,,,,,,,,
IDCJAC0001,23752,1929,12,86,Y,,,,,,,,,,
IDCJAC0001,23752,1930,1,1.3,Y,,,,,,,,,,
IDCJAC0001,23752,1930,2,18.6,Y,,,,,,,,,,
IDCJAC0001,23752,1930,3,1,Y,,,,,,,,,,
IDCJAC0001,23752,1930,4,36.1,Y,,,,,,,,,,
IDCJAC0001,23752,1930,5,34,Y,,,,,,,,,,
IDCJAC0001,23752,1930,6,20.6,Y,,,,,,,,,,
IDCJAC0001,23752,1930,7,146.4,Y,,,,,,,,,,
IDCJAC0001,23752,1930,8,121.3,Y,,,,,,,,,,
IDCJAC0001,23752,1930,9,81.6,Y,,,,,,,,,,
IDCJAC0001,23752,1930,10,80.4,Y,,,,,,,,,,
IDCJAC0001,23752,1930,11,29.7,Y,,,,,,,,,,
IDCJAC0001,23752,1930,12,22.7,Y,,,,,,,,,,
IDCJAC0001,23752,1931,1,14.4,Y,,,,,,,,,,
IDCJAC0001,23752,1931,2,4.1,Y,,,,,,,,,,
IDCJAC0001,23752,1931,3,27.2,Y,,,,,,,,,,
IDCJAC0001,23752,1931,4,34,Y,,,,,,,,,,
IDCJAC0001,23752,1931,5,105.6,Y,,,,,,,,,,
IDCJAC0001,23752,1931,6,181.2,Y,,,,,,,,,,
IDCJAC0001,23752,1931,7,149.3,Y,,,,,,,,,,
IDCJAC0001,23752,1931,8,104.9,Y,,,,,,,,,,
IDCJAC0001,23752,1931,9,157.1,Y,,,,,,,,,,
IDCJAC0001,23752,1931,10,13.9,Y,,,,,,,,,,
IDCJAC0001,23752,1931,11,9.4,Y,,,,,,,,,,
IDCJAC0001,23752,1931,12,7.4,Y,,,,,,,,,,
IDCJAC0001,23752,1932,1,8.6,Y,,,,,,,,,,
IDCJAC0001,23752,1932,2,27.5,Y,,,,,,,,,,
IDCJAC0001,23752,1932,3,30.9,Y,,,,,,,,,,
IDCJAC0001,23752,1932,4,84.7,Y,,,,,,,,,,
IDCJAC0001,23752,1932,5,35.4,Y,,,,,,,,,,
IDCJAC0001,23752,1932,6,216.3,Y,,,,,,,,,,
IDCJAC0001,23752,1932,7,112.3,Y,,,,,,,,,,
IDCJAC0001,23752,1932,8,104.7,Y,,,,,,,,,,
IDCJAC0001,23752,1932,9,47.2,Y,,,,,,,,,,
IDCJAC0001,23752,1932,10,80.6,Y,,,,,,,,,,
IDCJAC0001,23752,1932,11,18,Y,,,,,,,,,,
IDCJAC0001,23752,1932,12,13,Y,,,,,,,,,,
IDCJAC0001,23752,1933,1,105.2,Y,,,,,,,,,,
IDCJAC0001,23752,1933,2,1.3,Y,,,,,,,,,,
IDCJAC0001,23752,1933,3,21.5,Y,,,,,,,,,,
IDCJAC0001,23752,1933,4,26.9,Y,,,,,,,,,,
IDCJAC0001,23752,1933,5,162.7,Y,,,,,,,,,,
IDCJAC0001,23752,1933,6,25.5,Y,,,,,,,,,,
IDCJAC0001,23752,1933,7,51,Y,,,,,,,,,,
IDCJAC0001,23752,1933,8,115.3,Y,,,,,,,,,,
IDCJAC0001,23752,1933,9,136.6,Y,,,,,,,,,,
IDCJAC0001,23752,1933,10,23.2,Y,,,,,,,,,,
IDCJAC0001,23752,1933,11,14.2,Y,,,,,,,,,,
IDCJAC0001,23752,1933,12,22.9,Y,,,,,,,,,,
IDCJAC0001,23752,1934,1,29.7,Y,,,,,,,,,,
IDCJAC0001,23752,1934,2,0.5,Y,,,,,,,,,,
IDCJAC0001,23752,1934,3,10.7,Y,,,,,,,,,,
IDCJAC0001,23752,1934,4,36.4,Y,,,,,,,,,,
IDCJAC0001,23752,1934,5,1.8,Y,,,,,,,,,,
IDCJAC0001,23752,1934,6,24.6,Y,,,,,,,,,,
IDCJAC0001,23752,1934,7,46.9,Y,,,,,,,,,,
IDCJAC0001,23752,1934,8,77.1,Y,,,,,,,,,,
IDCJAC0001,23752,1934,9,91.5,Y,,,,,,,,,,
IDCJAC0001,23752,1934,10,84,Y,,,,,,,,,,
IDCJAC0001,23752,1934,11,73.2,Y,,,,,,,,,,
IDCJAC0001,23752,1934,12,14.7,Y,,,,,,,,,,
IDCJAC0001,23752,1935,1,24.6,Y,,,,,,,,,,
IDCJAC0001,23752,1935,2,0,Y,,,,,,,,,,
IDCJAC0001,23752,1935,3,62.5,Y,,,,,,,,,,
IDCJAC0001,23752,1935,4,51.7,Y,,,,,,,,,,
IDCJAC0001,23752,1935,5,52.2,Y,,,,,,,,,,
IDCJAC0001,23752,1935,6,82.5,Y,,,,,,,,,,
IDCJAC0001,23752,1935,7,70.6,Y,,,,,,,,,,
IDCJAC0001,23752,1935,8,87.4,Y,,,,,,,,,,
IDCJAC0001,23752,1935,9,90.5,Y,,,,,,,,,,
IDCJAC0001,23752,1935,10,54.7,Y,,,,,,,,,,
IDCJAC0001,23752,1935,11,17.8,Y,,,,,,,,,,
IDCJAC0001,23752,1935,12,9.9,Y,,,,,,,,,,
IDCJAC0001,23752,1936,1,11.7,Y,,,,,,,,,,
IDCJAC0001,23752,1936,2,22.1,Y,,,,,,,,,,
IDCJAC0001,23752,1936,3,1.3,Y,,,,,,,,,,
IDCJAC0001,23752,1936,4,48.3,Y,,,,,,,,,,
IDCJAC0001,23752,1936,5,66.3,Y,,,,,,,,,,
IDCJAC0001,23752,1936,6,50.4,Y,,,,,,,,,,
IDCJAC0001,23752,1936,7,96.6,Y,,,,,,,,,,
IDCJAC0001,23752,1936,8,65,Y,,,,,,,,,,
IDCJAC0001,23752,1936,9,16.9,Y,,,,,,,,,,
IDCJAC0001,23752,1936,10,60.5,Y,,,,,,,,,,
IDCJAC0001,23752,1936,11,16.2,Y,,,,,,,,,,
IDCJAC0001,23752,1936,12,57.7,Y,,,,,,,,,,
IDCJAC0001,23752,1937,1,82.5,Y,,,,,,,,,,
IDCJAC0001,23752,1937,2,31,Y,,,,,,,,,,
IDCJAC0001,23752,1937,3,15.2,Y,,,,,,,,,,
IDCJAC0001,23752,1937,4,29.8,Y,,,,,,,,,,
IDCJAC0001,23752,1937,5,71.5,Y,,,,,,,,,,
IDCJAC0001,23752,1937,6,51.9,Y,,,,,,,,,,
IDCJAC0001,23752,1937,7,40.8,Y,,,,,,,,,,
IDCJAC0001,23752,1937,8,115.1,Y,,,,,,,,,,
IDCJAC0001,23752,1937,9,99.7,Y,,,,,,,,,,
IDCJAC0001,23752,1937,10,10.2,Y,,,,,,,,,,
IDCJAC0001,23752,1937,11,31.5,Y,,,,,,,,,,
IDCJAC0001,23752,1937,12,72.4,Y,,,,,,,,,,
IDCJAC0001,23752,1938,1,19.8,Y,,,,,,,,,,
IDCJAC0001,23752,1938,2,57.9,Y,,,,,,,,,,
IDCJAC0001,23752,1938,3,3.8,Y,,,,,,,,,,
IDCJAC0001,23752,1938,4,179.5,Y,,,,,,,,,,
IDCJAC0001,23752,1938,5,15.6,Y,,,,,,,,,,
IDCJAC0001,23752,1938,6,50.9,Y,,,,,,,,,,
IDCJAC0001,23752,1938,7,73.4,Y,,,,,,,,,,
IDCJAC0001,23752,1938,8,87.9,Y,,,,,,,,,,
IDCJAC0001,23752,1938,9,20.6,Y,,,,,,,,,,
IDCJAC0001,23752,1938,10,14.5,Y,,,,,,,,,,
IDCJAC0001,23752,1938,11,15.3,Y,,,,,,,,,,
IDCJAC0001,23752,1938,12,5.8,Y,,,,,,,,,,
IDCJAC0001,23752,1939,1,15.5,Y,,,,,,,,,,
IDCJAC0001,23752,1939,2,70.7,Y,,,,,,,,,,
IDCJAC0001,23752,1939,3,28.7,Y,,,,,,,,,,
IDCJAC0001,23752,1939,4,75.4,Y,,,,,,,,,,
IDCJAC0001,23752,1939,5,75,Y,,,,,,,,,,
IDCJAC0001,23752,1939,6,124.9,Y,,,,,,,,,,
IDCJAC0001,23752,1939,7,85.1,Y,,,,,,,,,,
IDCJAC0001,23752,1939,8,173.8,Y,,,,,,,,,,
IDCJAC0001,23752,1939,9,37.4,Y,,,,,,,,,,
IDCJAC0001,23752,1939,10,28.9,Y,,,,,,,,,,
IDCJAC0001,23752,1939,11,119.2,Y,,,,,,,,,,
IDCJAC0001,23752,1939,12,8.4,Y,,,,,,,,,,
IDCJAC0001,23752,1940,1,36.6,Y,,,,,,,,,,
IDCJAC0001,23752,1940,2,12.2,Y,,,,,,,,,,
IDCJAC0001,23752,1940,3,14.8,Y,,,,,,,,,,
IDCJAC0001,23752,1940,4,113.9,Y,,,,,,,,,,
IDCJAC0001,23752,1940,5,51.3,Y,,,,,,,,,,
IDCJAC0001,23752,1940,6,21.5,Y,,,,,,,,,,
IDCJAC0001,23752,1940,7,85.7,Y,,,,,,,,,,
IDCJAC0001,23752,1940,8,50.8,Y,,,,,,,,,,
IDCJAC0001,23752,1940,9,57.8,Y,,,,,,,,,,
IDCJAC0001,23752,1940,10,15.4,Y,,,,,,,,,,
IDCJAC0001,23752,1940,11,31.9,Y,,,,,,,,,,
IDCJAC0001,23752,1940,12,22.3,Y,,,,,,,,,,
IDCJAC0001,23752,1941,1,120.2,Y,,,,,,,,,,
IDCJAC0001,23752,1941,2,14.7,Y,,,,,,,,,,
IDCJAC0001,23752,1941,3,66.8,Y,,,,,,,,,,
IDCJAC0001,23752,1941,4,21,Y,,,,,,,,,,
IDCJAC0001,23752,1941,5,30.7,Y,,,,,,,,,,
IDCJAC0001,23752,1941,6,66.5,Y,,,,,,,,,,
IDCJAC0001,23752,1941,7,132.4,Y,,,,,,,,,,
IDCJAC0001,23752,1941,8,76.8,Y,,,,,,,,,,
IDCJAC0001,23752,1941,9,148.9,Y,,,,,,,,,,
IDCJAC0001,23752,1941,10,57.3,Y,,,,,,,,,,
IDCJAC0001,23752,1941,11,25.9,Y,,,,,,,,,,
IDCJAC0001,23752,1941,12,9.6,Y,,,,,,,,,,
IDCJAC0001,23752,1942,1,32.2,Y,,,,,,,,,,
IDCJAC0001,23752,1942,2,6.6,Y,,,,,,,,,,
IDCJAC0001,23752,1942,3,8.4,Y,,,,,,,,,,
IDCJAC0001,23752,1942,4,66.3,Y,,,,,,,,,,
IDCJAC0001,23752,1942,5,140.9,Y,,,,,,,,,,
IDCJAC0001,23752,1942,6,147.1,Y,,,,,,,,,,
IDCJAC0001,23752,1942,7,95.4,Y,,,,,,,,,,
IDCJAC0001,23752,1942,8,123.6,Y,,,,,,,,,,
IDCJAC0001,23752,1942,9,113.5,Y,,,,,,,,,,
IDCJAC0001,23752,1942,10,33.2,Y,,,,,,,,,,
IDCJAC0001,23752,1942,11,47.3,Y,,,,,,,,,,
IDCJAC0001,23752,1942,12,25.4,Y,,,,,,,,,,
IDCJAC0001,23752,1943,1,19,Y,,,,,,,,,,
IDCJAC0001,23752,1943,2,70.5,Y,,,,,,,,,,
IDCJAC0001,23752,1943,3,0,Y,,,,,,,,,,
IDCJAC0001,23752,1943,4,77.3,Y,,,,,,,,,,
IDCJAC0001,23752,1943,5,17.1,Y,,,,,,,,,,
IDCJAC0001,23752,1943,6,81.6,Y,,,,,,,,,,
IDCJAC0001,23752,1943,7,87.4,Y,,,,,,,,,,
IDCJAC0001,23752,1943,8,94.2,Y,,,,,,,,,,
IDCJAC0001,23752,1943,9,61.5,Y,,,,,,,,,,
IDCJAC0001,23752,1943,10,27.3,Y,,,,,,,,,,
IDCJAC0001,23752,1943,11,14,Y,,,,,,,,,,
IDCJAC0001,23752,1943,12,18.8,Y,,,,,,,,,,
IDCJAC0001,23752,1944,1,7.6,Y,,,,,,,,,,
IDCJAC0001,23752,1944,2,14.8,Y,,,,,,,,,,
IDCJAC0001,23752,1944,3,5.1,Y,,,,,,,,,,
IDCJAC0001,23752,1944,4,46.2,Y,,,,,,,,,,
IDCJAC0001,23752,1944,5,100.4,Y,,,,,,,,,,
IDCJAC0001,23752,1944,6,17,Y,,,,,,,,,,
IDCJAC0001,23752,1944,7,73.2,Y,,,,,,,,,,
IDCJAC0001,23752,1944,8,11.2,Y,,,,,,,,,,
IDCJAC0001,23752,1944,9,11.8,Y,,,,,,,,,,
IDCJAC0001,23752,1944,10,70,Y,,,,,,,,,,
IDCJAC0001,23752,1944,11,58.5,Y,,,,,,,,,,
IDCJAC0001,23752,1944,12,38.1,Y,,,,,,,,,,
IDCJAC0001,23752,1945,1,23.6,Y,,,,,,,,,,
IDCJAC0001,23752,1945,2,13.4,Y,,,,,,,,,,
IDCJAC0001,23752,1945,3,0,Y,,,,,,,,,,
IDCJAC0001,23752,1945,4,0.8,Y,,,,,,,,,,
IDCJAC0001,23752,1945,5,45.2,Y,,,,,,,,,,
IDCJAC0001,23752,1945,6,75.4,Y,,,,,,,,,,
IDCJAC0001,23752,1945,7,51.6,Y,,,,,,,,,,
IDCJAC0001,23752,1945,8,61.8,Y,,,,,,,,,,
IDCJAC0001,23752,1945,9,80.1,Y,,,,,,,,,,
IDCJAC0001,23752,1945,10,91.8,Y,,,,,,,,,,
IDCJAC0001,23752,1945,11,65.5,Y,,,,,,,,,,
IDCJAC0001,23752,1945,12,31.6,Y,,,,,,,,,,
IDCJAC0001,23752,1946,1,45.5,Y,,,,,,,,,,
IDCJAC0001,23752,1946,2,107.2,Y,,,,,,,,,,
IDCJAC0001,23752,1946,3,56,Y,,,,,,,,,,
IDCJAC0001,23752,1946,4,30.2,Y,,,,,,,,,,
IDCJAC0001,23752,1946,5,71.7,Y,,,,,,,,,,
IDCJAC0001,23752,1946,6,59.6,Y,,,,,,,,,,
IDCJAC0001,23752,1946,7,124.8,Y,,,,,,,,,,
IDCJAC0001,23752,1946,8,55.1,Y,,,,,,,,,,
IDCJAC0001,23752,1946,9,30.7,Y,,,,,,,,,,
IDCJAC0001,23752,1946,10,43.2,Y,,,,,,,,,,
IDCJAC0001,23752,1946,11,27.9,Y,,,,,,,,,,
IDCJAC0001,23752,1946,12,66.1,Y,,,,,,,,,,
IDCJAC0001,23752,1947,1,0,Y,,,,,,,,,,
IDCJAC0001,23752,1947,2,15.5,Y,,,,,,,,,,
IDCJAC0001,23752,1947,3,88.9,Y,,,,,,,,,,
IDCJAC0001,23752,1947,4,47.8,Y,,,,,,,,,,
IDCJAC0001,23752,1947,5,30.4,Y,,,,,,,,,,
IDCJAC0001,23752,1947,6,74.1,Y,,,,,,,,,,
IDCJAC0001,23752,1947,7,116.7,Y,,,,,,,,,,
IDCJAC0001,23752,1947,8,93.7,Y,,,,,,,,,,
IDCJAC0001,23752,1947,9,67.6,Y,,,,,,,,,,
IDCJAC0001,23752,1947,10,82.2,Y,,,,,,,,,,
IDCJAC0001,23752,1947,11,78.4,Y,,,,,,,,,,
IDCJAC0001,23752,1947,12,41.1,Y,,,,,,,,,,
IDCJAC0001,23752,1948,1,2,Y,,,,,,,,,,
IDCJAC0001,23752,1948,2,5.3,Y,,,,,,,,,,
IDCJAC0001,23752,1948,3,8.6,Y,,,,,,,,,,
IDCJAC0001,23752,1948,4,119.4,Y,,,,,,,,,,
IDCJAC0001,23752,1948,5,95.3,Y,,,,,,,,,,
IDCJAC0001,23752,1948,6,71.2,Y,,,,,,,,,,
IDCJAC0001,23752,1948,7,74.1,Y,,,,,,,,,,
IDCJAC0001,23752,1948,8,125.3,Y,,,,,,,,,,
IDCJAC0001,23752,1948,9,17.6,Y,,,,,,,,,,
IDCJAC0001,23752,1948,10,130.2,Y,,,,,,,,,,
IDCJAC0001,23752,1948,11,57.7,Y,,,,,,,,,,
IDCJAC0001,23752,1948,12,42.6,Y,,,,,,,,,,
IDCJAC0001,23752,1949,1,14.5,Y,,,,,,,,,,
IDCJAC0001,23752,1949,2,54.8,Y,,,,,,,,,,
IDCJAC0001,23752,1949,3,1.8,Y,,,,,,,,,,
IDCJAC0001,23752,1949,4,4.4,Y,,,,,,,,,,
IDCJAC0001,23752,1949,5,62.4,Y,,,,,,,,,,
IDCJAC0001,23752,1949,6,20.5,Y,,,,,,,,,,
IDCJAC0001,23752,1949,7,72,Y,,,,,,,,,,
IDCJAC0001,23752,1949,8,41.1,Y,,,,,,,,,,
IDCJAC0001,23752,1949,9,35.8,Y,,,,,,,,,,
IDCJAC0001,23752,1949,10,176.8,Y,,,,,,,,,,
IDCJAC0001,23752,1949,11,64.5,Y,,,,,,,,,,
IDCJAC0001,23752,1949,12,5.6,Y,,,,,,,,,,
IDCJAC0001,23752,1950,1,4.1,Y,,,,,,,,,,
IDCJAC0001,23752,1950,2,52.1,Y,,,,,,,,,,
IDCJAC0001,23752,1950,3,6.6,Y,,,,,,,,,,
IDCJAC0001,23752,1950,4,9.6,Y,,,,,,,,,,
IDCJAC0001,23752,1950,5,174.7,Y,,,,,,,,,,
IDCJAC0001,23752,1950,6,53.6,Y,,,,,,,,,,
IDCJAC0001,23752,1950,7,36.1,Y,,,,,,,,,,
IDCJAC0001,23752,1950,8,65.5,Y,,,,,,,,,,
IDCJAC0001,23752,1950,9,53.3,Y,,,,,,,,,,
IDCJAC0001,23752,1950,10,48.3,Y,,,,,,,,,,
IDCJAC0001,23752,1950,11,34.6,Y,,,,,,,,,,
IDCJAC0001,23752,1950,12,11.7,Y,,,,,,,,,,
IDCJAC0001,23752,1951,1,5.9,Y,,,,,,,,,,
IDCJAC0001,23752,1951,2,26.6,Y,,,,,,,,,,
IDCJAC0001,23752,1951,3,0.5,Y,,,,,,,,,,
IDCJAC0001,23752,1951,4,82.4,Y,,,,,,,,,,
IDCJAC0001,23752,1951,5,118.2,Y,,,,,,,,,,
IDCJAC0001,23752,1951,6,126.9,Y,,,,,,,,,,
IDCJAC0001,23752,1951,7,164.2,Y,,,,,,,,,,
IDCJAC0001,23752,1951,8,122.9,Y,,,,,,,,,,
IDCJAC0001,23752,1951,9,11.7,Y,,,,,,,,,,
IDCJAC0001,23752,1951,10,89.7,Y,,,,,,,,,,
IDCJAC0001,23752,1951,11,20.6,Y,,,,,,,,,,
IDCJAC0001,23752,1951,12,47.1,Y,,,,,,,,,,
IDCJAC0001,23752,1952,1,44.7,Y,,,,,,,,,,
IDCJAC0001,23752,1952,2,3.1,Y,,,,,,,,,,
IDCJAC0001,23752,1952,3,0,Y,,,,,,,,,,
IDCJAC0001,23752,1952,4,79.7,Y,,,,,,,,,,
IDCJAC0001,23752,1952,5,167,Y,,,,,,,,,,
IDCJAC0001,23752,1952,6,96.3,Y,,,,,,,,,,
IDCJAC0001,23752,1952,7,55,Y,,,,,,,,,,
IDCJAC0001,23752,1952,8,69,Y,,,,,,,,,,
IDCJAC0001,23752,1952,9,89.9,Y,,,,,,,,,,
IDCJAC0001,23752,1952,10,76.7,Y,,,,,,,,,,
IDCJAC0001,23752,1952,11,115.4,Y,,,,,,,,,,
IDCJAC0001,23752,1952,12,23.6,Y,,,,,,,,,,
IDCJAC0001,23752,1953,1,11.2,Y,,,,,,,,,,
IDCJAC0001,23752,1953,2,3.3,Y,,,,,,,,,,
IDCJAC0001,23752,1953,3,2.3,Y,,,,,,,,,,
IDCJAC0001,23752,1953,4,34.3,Y,,,,,,,,,,
IDCJAC0001,23752,1953,5,50.3,Y,,,,,,,,,,
IDCJAC0001,23752,1953,6,149.6,Y,,,,,,,,,,
IDCJAC0001,23752,1953,7,105.7,Y,,,,,,,,,,
IDCJAC0001,23752,1953,8,84.1,Y,,,,,,,,,,
IDCJAC0001,23752,1953,9,69.3,Y,,,,,,,,,,
IDCJAC0001,23752,1953,10,55.9,Y,,,,,,,,,,
IDCJAC0001,23752,1953,11,36.8,Y,,,,,,,,,,
IDCJAC0001,23752,1953,12,49.8,Y,,,,,,,,,,
IDCJAC0001,23752,1954,1,13.2,Y,,,,,,,,,,
IDCJAC0001,23752,1954,2,1.8,Y,,,,,,,,,,
IDCJAC0001,23752,1954,3,14.7,Y,,,,,,,,,,
IDCJAC0001,23752,1954,4,112,Y,,,,,,,,,,
IDCJAC0001,23752,1954,5,33.4,Y,,,,,,,,,,
IDCJAC0001,23752,1954,6,69.1,Y,,,,,,,,,,
IDCJAC0001,23752,1954,7,62.7,Y,,,,,,,,,,
IDCJAC0001,23752,1954,8,31.2,Y,,,,,,,,,,
IDCJAC0001,23752,1954,9,31.5,Y,,,,,,,,,,
IDCJAC0001,23752,1954,10,59,Y,,,,,,,,,,
IDCJAC0001,23752,1954,11,22.1,Y,,,,,,,,,,
IDCJAC0001,23752,1954,12,59.2,Y,,,,,,,,,,
IDCJAC0001,23752,1955,1,2,Y,,,,,,,,,,
IDCJAC0001,23752,1955,2,65.8,Y,,,,,,,,,,
IDCJAC0001,23752,1955,3,20.5,Y,,,,,,,,,,
IDCJAC0001,23752,1955,4,51.9,Y,,,,,,,,,,
IDCJAC0001,23752,1955,5,153,Y,,,,,,,,,,
IDCJAC0001,23752,1955,6,200.7,Y,,,,,,,,,,
IDCJAC0001,23752,1955,7,74.2,Y,,,,,,,,,,
IDCJAC0001,23752,1955,8,144.9,Y,,,,,,,,,,
IDCJAC0001,23752,1955,9,49.8,Y,,,,,,,,,,
IDCJAC0001,23752,1955,10,81.5,Y,,,,,,,,,,
IDCJAC0001,23752,1955,11,53.1,Y,,,,,,,,,,
IDCJAC0001,23752,1955,12,23.9,Y,,,,,,,,,,
IDCJAC0001,23752,1956,1,14.2,Y,,,,,,,,,,
IDCJAC0001,23752,1956,2,1.5,Y,,,,,,,,,,
IDCJAC0001,23752,1956,3,11.2,Y,,,,,,,,,,
IDCJAC0001,23752,1956,4,115.2,Y,,,,,,,,,,
IDCJAC0001,23752,1956,5,162,Y,,,,,,,,,,
IDCJAC0001,23752,1956,6,204.6,Y,,,,,,,,,,
IDCJAC0001,23752,1956,7,145.8,Y,,,,,,,,,,
IDCJAC0001,23752,1956,8,108.4,Y,,,,,,,,,,
IDCJAC0001,23752,1956,9,115.4,Y,,,,,,,,,,
IDCJAC0001,23752,1956,10,55.9,Y,,,,,,,,,,
IDCJAC0001,23752,1956,11,20.4,Y,,,,,,,,,,
IDCJAC0001,23752,1956,12,9.6,Y,,,,,,,,,,
IDCJAC0001,23752,1957,1,0.5,Y,,,,,,,,,,
IDCJAC0001,23752,1957,2,0,Y,,,,,,,,,,
IDCJAC0001,23752,1957,3,11.2,Y,,,,,,,,,,
IDCJAC0001,23752,1957,4,38.9,Y,,,,,,,,,,
IDCJAC0001,23752,1957,5,35.6,Y,,,,,,,,,,
IDCJAC0001,23752,1957,6,69.9,Y,,,,,,,,,,
IDCJAC0001,23752,1957,7,91.3,Y,,,,,,,,,,
IDCJAC0001,23752,1957,8,51.9,Y,,,,,,,,,,
IDCJAC0001,23752,1957,9,47.3,Y,,,,,,,,,,
IDCJAC0001,23752,1957,10,53.9,Y,,,,,,,,,,
IDCJAC0001,23752,1957,11,37.3,Y,,,,,,,,,,
IDCJAC0001,23752,1957,12,5.6,Y,,,,,,,,,,
IDCJAC0001,23752,1958,1,0,Y,,,,,,,,,,
IDCJAC0001,23752,1958,2,3.8,Y,,,,,,,,,,
IDCJAC0001,23752,1958,3,33.6,Y,,,,,,,,,,
IDCJAC0001,23752,1958,4,10.4,Y,,,,,,,,,,
IDCJAC0001,23752,1958,5,148.5,Y,,,,,,,,,,
IDCJAC0001,23752,1958,6,16.8,Y,,,,,,,,,,
IDCJAC0001,23752,1958,7,95.7,Y,,,,,,,,,,
IDCJAC0001,23752,1958,8,93.3,Y,,,,,,,,,,
IDCJAC0001,23752,1958,9,94,Y,,,,,,,,,,
IDCJAC0001,23752,1958,10,120.3,Y,,,,,,,,,,
IDCJAC0001,23752,1958,11,10.1,Y,,,,,,,,,,
IDCJAC0001,23752,1958,12,10.2,Y,,,,,,,,,,
IDCJAC0001,23752,1959,1,0.3,Y,,,,,,,,,,
IDCJAC0001,23752,1959,2,36.8,Y,,,,,,,,,,
IDCJAC0001,23752,1959,3,35.3,Y,,,,,,,,,,
IDCJAC0001,23752,1959,4,1,Y,,,,,,,,,,
IDCJAC0001,23752,1959,5,14,Y,,,,,,,,,,
IDCJAC0001,23752,1959,6,9.9,Y,,,,,,,,,,
IDCJAC0001,23752,1959,7,31.3,Y,,,,,,,,,,
IDCJAC0001,23752,1959,8,68.6,Y,,,,,,,,,,
IDCJAC0001,23752,1959,9,44,Y,,,,,,,,,,
IDCJAC0001,23752,1959,10,42.8,Y,,,,,,,,,,
IDCJAC0001,23752,1959,11,10.7,Y,,,,,,,,,,
IDCJAC0001,23752,1959,12,58.6,Y,,,,,,,,,,
IDCJAC0001,23752,1960,1,7.6,Y,,,,,,,,,,
IDCJAC0001,23752,1960,2,67.4,Y,,,,,,,,,,
IDCJAC0001,23752,1960,3,30.8,Y,,,,,,,,,,
IDCJAC0001,23752,1960,4,110.5,Y,,,,,,,,,,
IDCJAC0001,23752,1960,5,237.7,Y,,,,,,,,,,
IDCJAC0001,23752,1960,6,52.1,Y,,,,,,,,,,
IDCJAC0001,23752,1960,7,71.6,Y,,,,,,,,,,
IDCJAC0001,23752,1960,8,91.7,Y,,,,,,,,,,
IDCJAC0001,23752,1960,9,120.2,Y,,,,,,,,,,
IDCJAC0001,23752,1960,10,25.8,Y,,,,,,,,,,
IDCJAC0001,23752,1960,11,42,Y,,,,,,,,,,
IDCJAC0001,23752,1960,12,0,Y,,,,,,,,,,
IDCJAC0001,23752,1961,1,1.5,Y,,,,,,,,,,
IDCJAC0001,23752,1961,2,18.8,Y,,,,,,,,,,
IDCJAC0001,23752,1961,3,7.6,Y,,,,,,,,,,
IDCJAC0001,23752,1961,4,133.9,Y,,,,,,,,,,
IDCJAC0001,23752,1961,5,28.3,Y,,,,,,,,,,
IDCJAC0001,23752,1961,6,87.7,Y,,,,,,,,,,
IDCJAC0001,23752,1961,7,65.8,Y,,,,,,,,,,
IDCJAC0001,23752,1961,8,63.1,Y,,,,,,,,,,
IDCJAC0001,23752,1961,9,45.7,Y,,,,,,,,,,
IDCJAC0001,23752,1961,10,20.8,Y,,,,,,,,,,
IDCJAC0001,23752,1961,11,30.5,Y,,,,,,,,,,
IDCJAC0001,23752,1961,12,16.2,Y,,,,,,,,,,
IDCJAC0001,23752,1962,1,30.3,Y,,,,,,,,,,
IDCJAC0001,23752,1962,2,10.2,Y,,,,,,,,,,
IDCJAC0001,23752,1962,3,30.2,Y,,,,,,,,,,
IDCJAC0001,23752,1962,4,0.8,Y,,,,,,,,,,
IDCJAC0001,23752,1962,5,127.9,Y,,,,,,,,,,
IDCJAC0001,23752,1962,6,75.8,Y,,,,,,,,,,
IDCJAC0001,23752,1962,7,67.9,Y,,,,,,,,,,
IDCJAC0001,23752,1962,8,81.3,Y,,,,,,,,,,
IDCJAC0001,23752,1962,9,41.4,Y,,,,,,,,,,
IDCJAC0001,23752,1962,10,136.5,Y,,,,,,,,,,
IDCJAC0001,23752,1962,11,16.3,Y,,,,,,,,,,
IDCJAC0001,23752,1962,12,30.8,Y,,,,,,,,,,
IDCJAC0001,23752,1963,1,50.8,Y,,,,,,,,,,
IDCJAC0001,23752,1963,2,3.9,Y,,,,,,,,,,
IDCJAC0001,23752,1963,3,1.1,Y,,,,,,,,,,
IDCJAC0001,23752,1963,4,55.2,Y,,,,,,,,,,
IDCJAC0001,23752,1963,5,95.4,Y,,,,,,,,,,
IDCJAC0001,23752,1963,6,165.2,Y,,,,,,,,,,
IDCJAC0001,23752,1963,7,179,Y,,,,,,,,,,
IDCJAC0001,23752,1963,8,110.9,Y,,,,,,,,,,
IDCJAC0001,23752,1963,9,50.9,Y,,,,,,,,,,
IDCJAC0001,23752,1963,10,15,Y,,,,,,,,,,
IDCJAC0001,23752,1963,11,9.2,Y,,,,,,,,,,
IDCJAC0001,23752,1963,12,2.3,Y,,,,,,,,,,
IDCJAC0001,23752,1964,1,13.2,Y,,,,,,,,,,
IDCJAC0001,23752,1964,2,7.9,Y,,,,,,,,,,
IDCJAC0001,23752,1964,3,2.8,Y,,,,,,,,,,
IDCJAC0001,23752,1964,4,59.1,Y,,,,,,,,,,
IDCJAC0001,23752,1964,5,25,Y,,,,,,,,,,
IDCJAC0001,23752,1964,6,104.3,Y,,,,,,,,,,
IDCJAC0001,23752,1964,7,161.7,Y,,,,,,,,,,
IDCJAC0001,23752,1964,8,66.1,Y,,,,,,,,,,
IDCJAC0001,23752,1964,9,96.1,Y,,,,,,,,,,
IDCJAC0001,23752,1964,10,92.2,Y,,,,,,,,,,
IDCJAC0001,23752,1964,11,56.7,Y,,,,,,,,,,
IDCJAC0001,23752,1964,12,25.2,Y,,,,,,,,,,
IDCJAC0001,23752,1965,1,0,Y,,,,,,,,,,
IDCJAC0001,23752,1965,2,0,Y,,,,,,,,,,
IDCJAC0001,23752,1965,3,9.6,Y,,,,,,,,,,
IDCJAC0001,23752,1965,4,27.7,Y,,,,,,,,,,
IDCJAC0001,23752,1965,5,93.3,Y,,,,,,,,,,
IDCJAC0001,23752,1965,6,33.3,Y,,,,,,,,,,
IDCJAC0001,23752,1965,7,86.5,Y,,,,,,,,,,
IDCJAC0001,23752,1965,8,78.3,Y,,,,,,,,,,
IDCJAC0001,23752,1965,9,46.7,Y,,,,,,,,,,
IDCJAC0001,23752,1965,10,9.6,Y,,,,,,,,,,
IDCJAC0001,23752,1965,11,52.4,Y,,,,,,,,,,
IDCJAC0001,23752,1965,12,39.9,Y,,,,,,,,,,
IDCJAC0001,23752,1966,1,10.2,Y,,,,,,,,,,
IDCJAC0001,23752,1966,2,24.4,Y,,,,,,,,,,
IDCJAC0001,23752,1966,3,41.9,Y,,,,,,,,,,
IDCJAC0001,23752,1966,4,10.6,Y,,,,,,,,,,
IDCJAC0001,23752,1966,5,59.9,Y,,,,,,,,,,
IDCJAC0001,23752,1966,6,86.1,Y,,,,,,,,,,
IDCJAC0001,23752,1966,7,145.2,Y,,,,,,,,,,
IDCJAC0001,23752,1966,8,53.1,Y,,,,,,,,,,
IDCJAC0001,23752,1966,9,112.8,Y,,,,,,,,,,
IDCJAC0001,23752,1966,10,48.9,Y,,,,,,,,,,
IDCJAC0001,23752,1966,11,31.4,Y,,,,,,,,,,
IDCJAC0001,23752,1966,12,81.2,Y,,,,,,,,,,
IDCJAC0001,23752,1967,1,17.8,Y,,,,,,,,,,
IDCJAC0001,23752,1967,2,41,Y,,,,,,,,,,
IDCJAC0001,23752,1967,3,2.1,Y,,,,,,,,,,
IDCJAC0001,23752,1967,4,5.6,Y,,,,,,,,,,
IDCJAC0001,23752,1967,5,34.6,Y,,,,,,,,,,
IDCJAC0001,23752,1967,6,26.9,Y,,,,,,,,,,
IDCJAC0001,23752,1967,7,62.7,Y,,,,,,,,,,
IDCJAC0001,23752,1967,8,80.1,Y,,,,,,,,,,
IDCJAC0001,23752,1967,9,33.9,Y,,,,,,,,,,
IDCJAC0001,23752,1967,10,28,Y,,,,,,,,,,
IDCJAC0001,23752,1967,11,0,Y,,,,,,,,,,
IDCJAC0001,23752,1967,12,19.1,Y,,,,,,,,,,
IDCJAC0001,23752,1968,1,44.3,Y,,,,,,,,,,
IDCJAC0001,23752,1968,2,43.7,Y,,,,,,,,,,
IDCJAC0001,23752,1968,3,29.8,Y,,,,,,,,,,
IDCJAC0001,23752,1968,4,43.2,Y,,,,,,,,,,
IDCJAC0001,23752,1968,5,193.1,Y,,,,,,,,,,
IDCJAC0001,23752,1968,6,109.4,Y,,,,,,,,,,
IDCJAC0001,23752,1968,7,92.2,Y,,,,,,,,,,
IDCJAC0001,23752,1968,8,125.8,Y,,,,,,,,,,
IDCJAC0001,23752,1968,9,40.3,Y,,,,,,,,,,
IDCJAC0001,23752,1968,10,125.6,Y,,,,,,,,,,
IDCJAC0001,23752,1968,11,67.2,Y,,,,,,,,,,
IDCJAC0001,23752,1968,12,40.7,Y,,,,,,,,,,
IDCJAC0001,23752,1969,1,15,Y,,,,,,,,,,
IDCJAC0001,23752,1969,2,100.1,Y,,,,,,,,,,
IDCJAC0001,23752,1969,3,40,Y,,,,,,,,,,
IDCJAC0001,23752,1969,4,38.1,Y,,,,,,,,,,
IDCJAC0001,23752,1969,5,85.8,Y,,,,,,,,,,
IDCJAC0001,23752,1969,6,34,Y,,,,,,,,,,
IDCJAC0001,23752,1969,7,138.1,Y,,,,,,,,,,
IDCJAC0001,23752,1969,8,47.1,Y,,,,,,,,,,
IDCJAC0001,23752,1969,9,82.6,Y,,,,,,,,,,
IDCJAC0001,23752,1969,10,2.3,Y,,,,,,,,,,
IDCJAC0001,23752,1969,11,30.5,Y,,,,,,,,,,
IDCJAC0001,23752,1969,12,43.9,Y,,,,,,,,,,
IDCJAC0001,23752,1970,1,53.7,Y,,,,,,,,,,
IDCJAC0001,23752,1970,2,0.5,Y,,,,,,,,,,
IDCJAC0001,23752,1970,3,6.9,Y,,,,,,,,,,
IDCJAC0001,23752,1970,4,58.9,Y,,,,,,,,,,
IDCJAC0001,23752,1970,5,57.4,Y,,,,,,,,,,
IDCJAC0001,23752,1970,6,118,Y,,,,,,,,,,
IDCJAC0001,23752,1970,7,87.7,Y,,,,,,,,,,
IDCJAC0001,23752,1970,8,166.9,Y,,,,,,,,,,
IDCJAC0001,23752,1970,9,75.4,Y,,,,,,,,,,
IDCJAC0001,23752,1970,10,6.8,Y,,,,,,,,,,
IDCJAC0001,23752,1970,11,31.1,Y,,,,,,,,,,
IDCJAC0001,23752,1970,12,34.9,Y,,,,,,,,,,
IDCJAC0001,23752,1971,1,10.7,Y,,,,,,,,,,
IDCJAC0001,23752,1971,2,0.3,Y,,,,,,,,,,
IDCJAC0001,23752,1971,3,26.5,Y,,,,,,,,,,
IDCJAC0001,23752,1971,4,135.1,Y,,,,,,,,,,
IDCJAC0001,23752,1971,5,116.9,Y,,,,,,,,,,
IDCJAC0001,23752,1971,6,125,Y,,,,,,,,,,
IDCJAC0001,23752,1971,7,83.8,Y,,,,,,,,,,
IDCJAC0001,23752,1971,8,109,Y,,,,,,,,,,
IDCJAC0001,23752,1971,9,110.5,Y,,,,,,,,,,
IDCJAC0001,23752,1971,10,46.3,Y,,,,,,,,,,
IDCJAC0001,23752,1971,11,59.6,Y,,,,,,,,,,
IDCJAC0001,23752,1971,12,31.7,Y,,,,,,,,,,
IDCJAC0001,23752,1972,1,46,Y,,,,,,,,,,
IDCJAC0001,23752,1972,2,18.1,Y,,,,,,,,,,
IDCJAC0001,23752,1972,3,0.3,Y,,,,,,,,,,
IDCJAC0001,23752,1972,4,47.7,Y,,,,,,,,,,
IDCJAC0001,23752,1972,5,29.6,Y,,,,,,,,,,
IDCJAC0001,23752,1972,6,35.8,Y,,,,,,,,,,
IDCJAC0001,23752,1972,7,103.8,Y,,,,,,,,,,
IDCJAC0001,23752,1972,8,134.9,Y,,,,,,,,,,
IDCJAC0001,23752,1972,9,33.1,Y,,,,,,,,,,
IDCJAC0001,23752,1972,10,32,Y,,,,,,,,,,
IDCJAC0001,23752,1972,11,16.5,Y,,,,,,,,,,
IDCJAC0001,23752,1972,12,11.4,Y,,,,,,,,,,
IDCJAC0001,23752,1973,1,10.8,Y,,,,,,,,,,
IDCJAC0001,23752,1973,2,93.8,Y,,,,,,,,,,
IDCJAC0001,23752,1973,3,45.1,Y,,,,,,,,,,
IDCJAC0001,23752,1973,4,78.5,Y,,,,,,,,,,
IDCJAC0001,23752,1973,5,65.3,Y,,,,,,,,,,
IDCJAC0001,23752,1973,6,110,Y,,,,,,,,,,
IDCJAC0001,23752,1973,7,86.1,Y,,,,,,,,,,
IDCJAC0001,23752,1973,8,82.7,Y,,,,,,,,,,
IDCJAC0001,23752,1973,9,98.7,Y,,,,,,,,,,
IDCJAC0001,23752,1973,10,83.9,Y,,,,,,,,,,
IDCJAC0001,23752,1973,11,17.2,Y,,,,,,,,,,
IDCJAC0001,23752,1973,12,28.5,Y,,,,,,,,,,
IDCJAC0001,23752,1974,1,69.2,Y,,,,,,,,,,
IDCJAC0001,23752,1974,2,63.4,Y,,,,,,,,,,
IDCJAC0001,23752,1974,3,18.5,Y,,,,,,,,,,
IDCJAC0001,23752,1974,4,154.2,Y,,,,,,,,,,
IDCJAC0001,23752,1974,5,91.2,Y,,,,,,,,,,
IDCJAC0001,23752,1974,6,35.1,Y,,,,,,,,,,
IDCJAC0001,23752,1974,7,164.2,Y,,,,,,,,,,
IDCJAC0001,23752,1974,8,83.2,Y,,,,,,,,,,
IDCJAC0001,23752,1974,9,116.6,Y,,,,,,,,,,
IDCJAC0001,23752,1974,10,142.2,Y,,,,,,,,,,
IDCJAC0001,23752,1974,11,6.4,Y,,,,,,,,,,
IDCJAC0001,23752,1974,12,12.8,Y,,,,,,,,,,
IDCJAC0001,23752,1975,1,24.4,Y,,,,,,,,,,
IDCJAC0001,23752,1975,2,6.2,Y,,,,,,,,,,
IDCJAC0001,23752,1975,3,75.8,Y,,,,,,,,,,
IDCJAC0001,23752,1975,4,16.6,Y,,,,,,,,,,
IDCJAC0001,23752,1975,5,169.2,Y,,,,,,,,,,
IDCJAC0001,23752,1975,6,19,Y,,,,,,,,,,
IDCJAC0001,23752,1975,7,131.4,Y,,,,,,,,,,
IDCJAC0001,23752,1975,8,44.8,Y,,,,,,,,,,
IDCJAC0001,23752,1975,9,86.5,Y,,,,,,,,,,
IDCJAC0001,23752,1975,10,147,Y,,,,,,,,,,
IDCJAC0001,23752,1975,11,25.2,Y,,,,,,,,,,
IDCJAC0001,23752,1975,12,14.8,Y,,,,,,,,,,
IDCJAC0001,23752,1976,1,11.4,Y,,,,,,,,,,
IDCJAC0001,23752,1976,2,28.8,Y,,,,,,,,,,
IDCJAC0001,23752,1976,3,5.2,Y,,,,,,,,,,
IDCJAC0001,23752,1976,4,32.8,Y,,,,,,,,,,
IDCJAC0001,23752,1976,5,19.6,Y,,,,,,,,,,
IDCJAC0001,23752,1976,6,48.2,Y,,,,,,,,,,
IDCJAC0001,23752,1976,7,29.4,Y,,,,,,,,,,
IDCJAC0001,23752,1976,8,60.4,Y,,,,,,,,,,
IDCJAC0001,23752,1976,9,53.8,Y,,,,,,,,,,
IDCJAC0001,23752,1976,10,62.6,Y,,,,,,,,,,
IDCJAC0001,23752,1976,11,45.8,Y,,,,,,,,,,
IDCJAC0001,23752,1976,12,19.6,Y,,,,,,,,,,
IDCJAC0001,23752,1977,1,36.8,Y,,,,,,,,,,
IDCJAC0001,23752,1977,2,4.8,Y,,,,,,,,,,
IDCJAC0001,23752,1977,3,50,Y,,,,,,,,,,
IDCJAC0001,23752,1977,4,18.4,Y,,,,,,,,,,
IDCJAC0001,23752,1977,5,84.2,Y,,,,,,,,,,
IDCJAC0001,23752,1977,6,69.4,Y,,,,,,,,,,
IDCJAC0001,23752,1977,7,54.3,Y,,,,,,,,,,
IDCJAC0001,23752,1977,8,29.4,Y,,,,,,,,,,
IDCJAC0001,23752,1977,9,43.2,Y,,,,,,,,,,
IDCJAC0001,23752,1977,10,27.4,Y,,,,,,,,,,
IDCJAC0001,23752,1977,11,49,Y,,,,,,,,,,
IDCJAC0001,23752,1977,12,24.2,Y,,,,,,,,,,
IDCJAC0001,23752,1978,1,3.8,Y,,,,,,,,,,
IDCJAC0001,23752,1978,2,9,Y,,,,,,,,,,
IDCJAC0001,23752,1978,3,7.8,Y,,,,,,,,,,
IDCJAC0001,23752,1978,4,51.8,Y,,,,,,,,,,
IDCJAC0001,23752,1978,5,72.7,Y,,,,,,,,,,
IDCJAC0001,23752,1978,6,102.2,Y,,,,,,,,,,
IDCJAC0001,23752,1978,7,154.4,Y,,,,,,,,,,
IDCJAC0001,23752,1978,8,82.4,Y,,,,,,,,,,
IDCJAC0001,23752,1978,9,115.6,Y,,,,,,,,,,
IDCJAC0001,23752,1978,10,18.4,Y,,,,,,,,,,
IDCJAC0001,23752,1978,11,34.2,Y,,,,,,,,,,
IDCJAC0001,23752,1978,12,19.2,Y,,,,,,,,,,
IDCJAC0001,23752,1979,1,32.6,Y,,,,,,,,,,
IDCJAC0001,23752,1979,2,26.2,Y,,,,,,,,,,
IDCJAC0001,23752,1979,3,5.6,Y,,,,,,,,,,
IDCJAC0001,23752,1979,4,57,Y,,,,,,,,,,
IDCJAC0001,23752,1979,5,63.6,Y,,,,,,,,,,
IDCJAC0001,23752,1979,6,12.1,Y,,,,,,,,,,
IDCJAC0001,23752,1979,7,64.2,Y,,,,,,,,,,
IDCJAC0001,23752,1979,8,118,Y,,,,,,,,,,
IDCJAC0001,23752,1979,9,168.4,Y,,,,,,,,,,
IDCJAC0001,23752,1979,10,110.6,Y,,,,,,,,,,
IDCJAC0001,23752,1979,11,75.6,Y,,,,,,,,,,
IDCJAC0001,23752,1979,12,31.4,Y,,,,,,,,,,
IDCJAC0001,23752,1980,1,6.4,Y,,,,,,,,,,
IDCJAC0001,23752,1980,2,1.4,Y,,,,,,,,,,
IDCJAC0001,23752,1980,3,2,Y,,,,,,,,,,
IDCJAC0001,23752,1980,4,115.8,Y,,,,,,,,,,
IDCJAC0001,23752,1980,5,52.2,Y,,,,,,,,,,
IDCJAC0001,23752,1980,6,125.8,Y,,,,,,,,,,
IDCJAC0001,23752,1980,7,99.8,Y,,,,,,,,,,
IDCJAC0001,23752,1980,8,35.4,Y,,,,,,,,,,
IDCJAC0001,23752,1980,9,44.4,Y,,,,,,,,,,
IDCJAC0001,23752,1980,10,126.8,Y,,,,,,,,,,
IDCJAC0001,23752,1980,11,59,Y,,,,,,,,,,
IDCJAC0001,23752,1980,12,27.2,Y,,,,,,,,,,
IDCJAC0001,23752,1981,1,21,Y,,,,,,,,,,
IDCJAC0001,23752,1981,2,5.4,Y,,,,,,,,,,
IDCJAC0001,23752,1981,3,77.8,Y,,,,,,,,,,
IDCJAC0001,23752,1981,4,8.8,Y,,,,,,,,,,
IDCJAC0001,23752,1981,5,82.8,Y,,,,,,,,,,
IDCJAC0001,23752,1981,6,224.8,Y,,,,,,,,,,
IDCJAC0001,23752,1981,7,160.6,Y,,,,,,,,,,
IDCJAC0001,23752,1981,8,158.2,Y,,,,,,,,,,
IDCJAC0001,23752,1981,9,51.6,Y,,,,,,,,,,
IDCJAC0001,23752,1981,10,38.4,Y,,,,,,,,,,
IDCJAC0001,23752,1981,11,44.8,Y,,,,,,,,,,
IDCJAC0001,23752,1981,12,11,Y,,,,,,,,,,
IDCJAC0001,23752,1982,1,14.6,Y,,,,,,,,,,
IDCJAC0001,23752,1982,2,8.4,Y,,,,,,,,,,
IDCJAC0001,23752,1982,3,44.8,Y,,,,,,,,,,
IDCJAC0001,23752,1982,4,72.2,Y,,,,,,,,,,
IDCJAC0001,23752,1982,5,38.2,Y,,,,,,,,,,
IDCJAC0001,23752,1982,6,65.4,Y,,,,,,,,,,
IDCJAC0001,23752,1982,7,46.6,Y,,,,,,,,,,
IDCJAC0001,23752,1982,8,23.6,Y,,,,,,,,,,
IDCJAC0001,23752,1982,9,40.8,Y,,,,,,,,,,
IDCJAC0001,23752,1982,10,19.8,Y,,,,,,,,,,
IDCJAC0001,23752,1982,11,6,Y,,,,,,,,,,
IDCJAC0001,23752,1982,12,8.4,Y,,,,,,,,,,
IDCJAC0001,23752,1983,1,10.2,Y,,,,,,,,,,
IDCJAC0001,23752,1983,2,2,Y,,,,,,,,,,
IDCJAC0001,23752,1983,3,64.8,Y,,,,,,,,,,
IDCJAC0001,23752,1983,4,106.8,Y,,,,,,,,,,
IDCJAC0001,23752,1983,5,65.8,Y,,,,,,,,,,
IDCJAC0001,23752,1983,6,25,Y,,,,,,,,,,
IDCJAC0001,23752,1983,7,123.8,Y,,,,,,,,,,
IDCJAC0001,23752,1983,8,103.2,Y,,,,,,,,,,
IDCJAC0001,23752,1983,9,116.2,Y,,,,,,,,,,
IDCJAC0001,23752,1983,10,41.4,Y,,,,,,,,,,
IDCJAC0001,23752,1983,11,27,Y,,,,,,,,,,
IDCJAC0001,23752,1983,12,17.6,Y,,,,,,,,,,
IDCJAC0001,23752,1984,1,17.4,Y,,,,,,,,,,
IDCJAC0001,23752,1984,2,3.6,Y,,,,,,,,,,
IDCJAC0001,23752,1984,3,55.8,Y,,,,,,,,,,
IDCJAC0001,23752,1984,4,40.2,Y,,,,,,,,,,
IDCJAC0001,23752,1984,5,58,Y,,,,,,,,,,
IDCJAC0001,23752,1984,6,42.6,Y,,,,,,,,,,
IDCJAC0001,23752,1984,7,98.6,Y,,,,,,,,,,
IDCJAC0001,23752,1984,8,155.8,Y,,,,,,,,,,
IDCJAC0001,23752,1984,9,49.6,Y,,,,,,,,,,
IDCJAC0001,23752,1984,10,32,Y,,,,,,,,,,
IDCJAC0001,23752,1984,11,47.6,Y,,,,,,,,,,
IDCJAC0001,23752,1984,12,10.2,Y,,,,,,,,,,
IDCJAC0001,23752,1985,1,8,Y,,,,,,,,,,
IDCJAC0001,23752,1985,2,0,Y,,,,,,,,,,
IDCJAC0001,23752,1985,3,58.6,Y,,,,,,,,,,
IDCJAC0001,23752,1985,4,62.4,Y,,,,,,,,,,
IDCJAC0001,23752,1985,5,64.2,Y,,,,,,,,,,
IDCJAC0001,23752,1985,6,71.2,Y,,,,,,,,,,
IDCJAC0001,23752,1985,7,62.2,Y,,,,,,,,,,
IDCJAC0001,23752,1985,8,131.2,Y,,,,,,,,,,
IDCJAC0001,23752,1985,9,59,Y,,,,,,,,,,
IDCJAC0001,23752,1985,10,32.6,Y,,,,,,,,,,
IDCJAC0001,23752,1985,11,18.2,Y,,,,,,,,,,
IDCJAC0001,23752,1985,12,41,Y,,,,,,,,,,
IDCJAC0001,23752,1986,1,6.6,Y,,,,,,,,,,
IDCJAC0001,23752,1986,2,4.8,Y,,,,,,,,,,
IDCJAC0001,23752,1986,3,0,Y,,,,,,,,,,
IDCJAC0001,23752,1986,4,68.8,Y,,,,,,,,,,
IDCJAC0001,23752,1986,5,55.2,Y,,,,,,,,,,
IDCJAC0001,23752,1986,6,34.9,Y,,,,,,,,,,
IDCJAC0001,23752,1986,7,161.6,Y,,,,,,,,,,
IDCJAC0001,23752,1986,8,130.2,Y,,,,,,,,,,
IDCJAC0001,23752,1986,9,67,Y,,,,,,,,,,
IDCJAC0001,23752,1986,10,95.6,Y,,,,,,,,,,
IDCJAC0001,23752,1986,11,12.8,Y,,,,,,,,,,
IDCJAC0001,23752,1986,12,44.6,Y,,,,,,,,,,
IDCJAC0001,23752,1987,1,27.2,Y,,,,,,,,,,
IDCJAC0001,23752,1987,2,12.2,Y,,,,,,,,,,
IDCJAC0001,23752,1987,3,28.8,Y,,,,,,,,,,
IDCJAC0001,23752,1987,4,36,Y,,,,,,,,,,
IDCJAC0001,23752,1987,5,115.6,Y,,,,,,,,,,
IDCJAC0001,23752,1987,6,124.3,Y,,,,,,,,,,
IDCJAC0001,23752,1987,7,106.4,Y,,,,,,,,,,
IDCJAC0001,23752,1987,8,63,Y,,,,,,,,,,
IDCJAC0001,23752,1987,9,33.4,Y,,,,,,,,,,
IDCJAC0001,23752,1987,10,78.8,Y,,,,,,,,,,
IDCJAC0001,23752,1987,11,9,Y,,,,,,,,,,
IDCJAC0001,23752,1987,12,45.6,Y,,,,,,,,,,
IDCJAC0001,23752,1988,1,32.2,Y,,,,,,,,,,
IDCJAC0001,23752,1988,2,21.6,Y,,,,,,,,,,
IDCJAC0001,23752,1988,3,23,Y,,,,,,,,,,
IDCJAC0001,23752,1988,4,21.6,Y,,,,,,,,,,
IDCJAC0001,23752,1988,5,163.6,Y,,,,,,,,,,
IDCJAC0001,23752,1988,6,118.2,Y,,,,,,,,,,
IDCJAC0001,23752,1988,7,88.8,Y,,,,,,,,,,
IDCJAC0001,23752,1988,8,37.6,Y,,,,,,,,,,
IDCJAC0001,23752,1988,9,79.2,Y,,,,,,,,,,
IDCJAC0001,23752,1988,10,23.4,Y,,,,,,,,,,
IDCJAC0001,23752,1988,11,62,Y,,,,,,,,,,
IDCJAC0001,23752,1988,12,55.2,Y,,,,,,,,,,
IDCJAC0001,23752,1989,1,12.8,Y,,,,,,,,,,
IDCJAC0001,23752,1989,2,4.6,Y,,,,,,,,,,
IDCJAC0001,23752,1989,3,3.4,Y,,,,,,,,,,
IDCJAC0001,23752,1989,4,8.6,Y,,,,,,,,,,
IDCJAC0001,23752,1989,5,97.6,Y,,,,,,,,,,
IDCJAC0001,23752,1989,6,93.8,Y,,,,,,,,,,
IDCJAC0001,23752,1989,7,112.2,Y,,,,,,,,,,
IDCJAC0001,23752,1989,8,108.4,Y,,,,,,,,,,
IDCJAC0001,23752,1989,9,92.4,Y,,,,,,,,,,
IDCJAC0001,23752,1989,10,60.4,Y,,,,,,,,,,
IDCJAC0001,23752,1989,11,46.4,Y,,,,,,,,,,
IDCJAC0001,23752,1989,12,33.8,Y,,,,,,,,,,
IDCJAC0001,23752,1990,1,12.8,Y,,,,,,,,,,
IDCJAC0001,23752,1990,2,10.8,Y,,,,,,,,,,
IDCJAC0001,23752,1990,3,2,Y,,,,,,,,,,
IDCJAC0001,23752,1990,4,11.6,Y,,,,,,,,,,
IDCJAC0001,23752,1990,5,19.4,Y,,,,,,,,,,
IDCJAC0001,23752,1990,6,119.4,Y,,,,,,,,,,
IDCJAC0001,23752,1990,7,149.8,Y,,,,,,,,,,
IDCJAC0001,23752,1990,8,120.4,Y,,,,,,,,,,
IDCJAC0001,23752,1990,9,43.6,Y,,,,,,,,,,
IDCJAC0001,23752,1990,10,54.8,Y,,,,,,,,,,
IDCJAC0001,23752,1990,11,9,Y,,,,,,,,,,
IDCJAC0001,23752,1990,12,84.6,Y,,,,,,,,,,
IDCJAC0001,23752,1991,1,28,Y,,,,,,,,,,
IDCJAC0001,23752,1991,2,0,Y,,,,,,,,,,
IDCJAC0001,23752,1991,3,6.8,Y,,,,,,,,,,
IDCJAC0001,23752,1991,4,42.2,Y,,,,,,,,,,
IDCJAC0001,23752,1991,5,12.1,Y,,,,,,,,,,
IDCJAC0001,23752,1991,6,172,Y,,,,,,,,,,
IDCJAC0001,23752,1991,7,105.6,Y,,,,,,,,,,
IDCJAC0001,23752,1991,8,136.8,Y,,,,,,,,,,
IDCJAC0001,23752,1991,9,97,Y,,,,,,,,,,
IDCJAC0001,23752,1991,10,6.6,Y,,,,,,,,,,
IDCJAC0001,23752,1991,11,46,Y,,,,,,,,,,
IDCJAC0001,23752,1991,12,13,Y,,,,,,,,,,
IDCJAC0001,23752,1992,1,1.6,Y,,,,,,,,,,
IDCJAC0001,23752,1992,2,31.4,Y,,,,,,,,,,
IDCJAC0001,23752,1992,3,73.4,Y,,,,,,,,,,
IDCJAC0001,23752,1992,4,58.6,Y,,,,,,,,,,
IDCJAC0001,23752,1992,5,71.2,Y,,,,,,,,,,
IDCJAC0001,23752,1992,6,87.6,Y,,,,,,,,,,
IDCJAC0001,23752,1992,7,84,Y,,,,,,,,,,
IDCJAC0001,23752,1992,8,180.4,Y,,,,,,,,,,
IDCJAC0001,23752,1992,9,184.8,Y,,,,,,,,,,
IDCJAC0001,23752,1992,10,153.2,Y,,,,,,,,,,
IDCJAC0001,23752,1992,11,153.2,Y,,,,,,,,,,
IDCJAC0001,23752,1992,12,115.4,Y,,,,,,,,,,
IDCJAC0001,23752,1993,1,49,Y,,,,,,,,,,
IDCJAC0001,23752,1993,2,10.8,Y,,,,,,,,,,
IDCJAC0001,23752,1993,3,22.4,Y,,,,,,,,,,
IDCJAC0001,23752,1993,4,2.8,Y,,,,,,,,,,
IDCJAC0001,23752,1993,5,34.4,Y,,,,,,,,,,
IDCJAC0001,23752,1993,6,80.8,Y,,,,,,,,,,
IDCJAC0001,23752,1993,7,57.8,Y,,,,,,,,,,
IDCJAC0001,23752,1993,8,71.8,Y,,,,,,,,,,
IDCJAC0001,23752,1993,9,98.6,Y,,,,,,,,,,
IDCJAC0001,23752,1993,10,79.6,Y,,,,,,,,,,
IDCJAC0001,23752,1993,11,27.2,Y,,,,,,,,,,
IDCJAC0001,23752,1993,12,55.4,Y,,,,,,,,,,
IDCJAC0001,23752,1994,1,27.6,Y,,,,,,,,,,
IDCJAC0001,23752,1994,2,16,Y,,,,,,,,,,
IDCJAC0001,23752,1994,3,0,Y,,,,,,,,,,
IDCJAC0001,23752,1994,4,9.6,Y,,,,,,,,,,
IDCJAC0001,23752,1994,5,37.2,Y,,,,,,,,,,
IDCJAC0001,23752,1994,6,124.4,Y,,,,,,,,,,
IDCJAC0001,23752,1994,7,53.6,Y,,,,,,,,,,
IDCJAC0001,23752,1994,8,26.5,Y,,,,,,,,,,
IDCJAC0001,23752,1994,9,28.2,Y,,,,,,,,,,
IDCJAC0001,23752,1994,10,51.4,Y,,,,,,,,,,
IDCJAC0001,23752,1994,11,59.4,Y,,,,,,,,,,
IDCJAC0001,23752,1994,12,8,Y,,,,,,,,,,
IDCJAC0001,23752,1995,1,47.2,Y,,,,,,,,,,
IDCJAC0001,23752,1995,2,26.8,Y,,,,,,,,,,
IDCJAC0001,23752,1995,3,14,Y,,,,,,,,,,
IDCJAC0001,23752,1995,4,56.8,Y,,,,,,,,,,
IDCJAC0001,23752,1995,5,49.4,Y,,,,,,,,,,
IDCJAC0001,23752,1995,6,106.8,Y,,,,,,,,,,
IDCJAC0001,23752,1995,7,214.8,Y,,,,,,,,,,
IDCJAC0001,23752,1995,8,30.2,Y,,,,,,,,,,
IDCJAC0001,23752,1995,9,34.6,Y,,,,,,,,,,
IDCJAC0001,23752,1995,10,45,Y,,,,,,,,,,
IDCJAC0001,23752,1995,11,12.8,Y,,,,,,,,,,
IDCJAC0001,23752,1995,12,13.4,Y,,,,,,,,,,
IDCJAC0001,23752,1996,1,30.4,Y,,,,,,,,,,
IDCJAC0001,23752,1996,2,9.4,Y,,,,,,,,,,
IDCJAC0001,23752,1996,3,40,Y,,,,,,,,,,
IDCJAC0001,23752,1996,4,33.6,Y,,,,,,,,,,
IDCJAC0001,23752,1996,5,18.4,Y,,,,,,,,,,
IDCJAC0001,23752,1996,6,208,Y,,,,,,,,,,
IDCJAC0001,23752,1996,7,149.4,Y,,,,,,,,,,
IDCJAC0001,23752,1996,8,146.4,Y,,,,,,,,,,
IDCJAC0001,23752,1996,9,150.4,Y,,,,,,,,,,
IDCJAC0001,23752,1996,10,40.8,Y,,,,,,,,,,
IDCJAC0001,23752,1996,11,9.4,Y,,,,,,,,,,
IDCJAC0001,23752,1996,12,22,Y,,,,,,,,,,
IDCJAC0001,23752,1997,1,30.6,Y,,,,,,,,,,
IDCJAC0001,23752,1997,2,25,Y,,,,,,,,,,
IDCJAC0001,23752,1997,3,6.8,Y,,,,,,,,,,
IDCJAC0001,23752,1997,4,4.6,Y,,,,,,,,,,
IDCJAC0001,23752,1997,5,92.4,Y,,,,,,,,,,
IDCJAC0001,23752,1997,6,22.6,Y,,,,,,,,,,
IDCJAC0001,23752,1997,7,33.2,Y,,,,,,,,,,
IDCJAC0001,23752,1997,8,114.2,Y,,,,,,,,,,
IDCJAC0001,23752,1997,9,96.6,Y,,,,,,,,,,
IDCJAC0001,23752,1997,10,56.2,Y,,,,,,,,,,
IDCJAC0001,23752,1997,11,38.4,Y,,,,,,,,,,
IDCJAC0001,23752,1997,12,33.6,Y,,,,,,,,,,
IDCJAC0001,23752,1998,1,52.2,Y,,,,,,,,,,
IDCJAC0001,23752,1998,2,22.6,Y,,,,,,,,,,
IDCJAC0001,23752,1998,3,13,Y,,,,,,,,,,
IDCJAC0001,23752,1998,4,99.8,Y,,,,,,,,,,
IDCJAC0001,23752,1998,5,21.8,Y,,,,,,,,,,
IDCJAC0001,23752,1998,6,107.5,Y,,,,,,,,,,
IDCJAC0001,23752,1998,7,105.6,Y,,,,,,,,,,
IDCJAC0001,23752,1998,8,57.8,Y,,,,,,,,,,
IDCJAC0001,23752,1998,9,73.8,Y,,,,,,,,,,
IDCJAC0001,23752,1998,10,61.2,Y,,,,,,,,,,
IDCJAC0001,23752,1998,11,31.2,Y,,,,,,,,,,
IDCJAC0001,23752,1998,12,3.4,Y,,,,,,,,,,
IDCJAC0001,23752,1999,1,10.6,Y,,,,,,,,,,
IDCJAC0001,23752,1999,2,2.4,Y,,,,,,,,,,
IDCJAC0001,23752,1999,3,69.6,Y,,,,,,,,,,
IDCJAC0001,23752,1999,4,7.4,Y,,,,,,,,,,
IDCJAC0001,23752,1999,5,122.4,Y,,,,,,,,,,
IDCJAC0001,23752,1999,6,77.4,Y,,,,,,,,,,
IDCJAC0001,23752,1999,7,63.6,Y,,,,,,,,,,
IDCJAC0001,23752,1999,8,49.2,Y,,,,,,,,,,
IDCJAC0001,23752,1999,9,92.6,Y,,,,,,,,,,
IDCJAC0001,23752,1999,10,86.6,Y,,,,,,,,,,
IDCJAC0001,23752,1999,11,37.2,Y,,,,,,,,,,
IDCJAC0001,23752,2000,1,2.8,Y,,,,,,,,,,
IDCJAC0001,23752,2000,2,68.2,Y,,,,,,,,,,
IDCJAC0001,23752,2000,3,26.4,Y,,,,,,,,,,
IDCJAC0001,23752,2000,4,58.2,Y,,,,,,,,,,
IDCJAC0001,23752,2000,5,75.8,Y,,,,,,,,,,
IDCJAC0001,23752,2000,6,109.4,Y,,,,,,,,,,
IDCJAC0001,23752,2000,7,68,Y,,,,,,,,,,
IDCJAC0001,23752,2000,8,94,Y,,,,,,,,,,
IDCJAC0001,23752,2000,9,71.4,Y,,,,,,,,,,
IDCJAC0001,23752,2000,10,73.8,Y,,,,,,,,,,
IDCJAC0001,23752,2000,11,50.6,Y,,,,,,,,,,
IDCJAC0001,23752,2000,12,14.6,Y,,,,,,,,,,
IDCJAC0001,23752,2001,1,14.6,Y,,,,,,,,,,
IDCJAC0001,23752,2001,2,13.4,Y,,,,,,,,,,
IDCJAC0001,23752,2001,3,59.4,Y,,,,,,,,,,
IDCJAC0001,23752,2001,4,23.2,Y,,,,,,,,,,
IDCJAC0001,23752,2001,5,88.8,Y,,,,,,,,,,
IDCJAC0001,23752,2001,6,114.6,Y,,,,,,,,,,
IDCJAC0001,23752,2001,7,59.8,Y,,,,,,,,,,
IDCJAC0001,23752,2001,8,136.2,Y,,,,,,,,,,
IDCJAC0001,23752,2001,10,114.1,Y,,,,,,,,,,
IDCJAC0001,23752,2001,11,55.6,Y,,,,,,,,,,
IDCJAC0001,23752,2002,1,32.8,Y,,,,,,,,,,
IDCJAC0001,23752,2002,2,0,Y,,,,,,,,,,
IDCJAC0001,23752,2002,3,16.4,Y,,,,,,,,,,
IDCJAC0001,23752,2002,4,7.4,Y,,,,,,,,,,
IDCJAC0001,23752,2002,5,93.2,Y,,,,,,,,,,
IDCJAC0001,23752,2002,6,111.8,Y,,,,,,,,,,
IDCJAC0001,23752,2002,7,86,Y,,,,,,,,,,
IDCJAC0001,23752,2002,8,37,Y,,,,,,,,,,
IDCJAC0001,23752,2002,9,63.1,Y,,,,,,,,,,
IDCJAC0001,23752,2002,10,24.6,Y,,,,,,,,,,
IDCJAC0001,23752,2002,11,27.2,Y,,,,,,,,,,
IDCJAC0001,23752,2002,12,30.8,Y,,,,,,,,,,
IDCJAC0001,23752,2003,1,14.6,Y,,,,,,,,,,
IDCJAC0001,23752,2003,2,75.4,Y,,,,,,,,,,
IDCJAC0001,23752,2003,3,6.6,Y,,,,,,,,,,
IDCJAC0001,23752,2003,4,45.4,Y,,,,,,,,,,
IDCJAC0001,23752,2003,5,70.8,Y,,,,,,,,,,
IDCJAC0001,23752,2003,6,146.8,Y,,,,,,,,,,
IDCJAC0001,23752,2003,7,72.8,Y,,,,,,,,,,
IDCJAC0001,23752,2003,8,125.8,Y,,,,,,,,,,
IDCJAC0001,23752,2003,9,85.5,Y,,,,,,,,,,
IDCJAC0001,23752,2003,10,47.4,Y,,,,,,,,,,
IDCJAC0001,23752,2003,12,22.4,Y,,,,,,,,,,
IDCJAC0001,23752,2004,1,11.8,Y,,,,,,,,,,
IDCJAC0001,23752,2004,2,10.6,Y,,,,,,,,,,
IDCJAC0001,23752,2004,3,23.4,Y,,,,,,,,,,
IDCJAC0001,23752,2004,4,5.8,Y,,,,,,,,,,
IDCJAC0001,23752,2004,5,75.4,Y,,,,,,,,,,
IDCJAC0001,23752,2004,6,159,Y,,,,,,,,,,
IDCJAC0001,23752,2004,7,102.2,Y,,,,,,,,,,
IDCJAC0001,23752,2004,10,6.8,Y,,,,,,,,,,
IDCJAC0001,23752,2004,11,71,Y,,,,,,,,,,
IDCJAC0001,23752,2004,12,55.4,Y,,,,,,,,,,
IDCJAC0001,23752,2005,1,32.4,Y,,,,,,,,,,
IDCJAC0001,23752,2005,2,13.8,Y,,,,,,,,,,
IDCJAC0001,23752,2005,3,9.2,Y,,,,,,,,,,
IDCJAC0001,23752,2005,4,13.9,Y,,,,,,,,,,
IDCJAC0001,23752,2005,5,5.4,Y,,,,,,,,,,
IDCJAC0001,23752,2005,6,179.8,Y,,,,,,,,,,
IDCJAC0001,23752,2005,7,95.6,Y,,,,,,,,,,
IDCJAC0001,23752,2005,8,98.8,Y,,,,,,,,,,
IDCJAC0001,23752,2005,9,60,Y,,,,,,,,,,
IDCJAC0001,23752,2005,10,146.6,Y,,,,,,,,,,
IDCJAC0001,23752,2005,11,99.4,Y,,,,,,,,,,
IDCJAC0001,23752,2006,1,30,Y,,,,,,,,,,
IDCJAC0001,23752,2006,2,39.2,Y,,,,,,,,,,
IDCJAC0001,23752,2006,3,36.2,Y,,,,,,,,,,
IDCJAC0001,23752,2006,4,58.2,Y,,,,,,,,,,
IDCJAC0001,23752,2006,5,75,Y,,,,,,,,,,
IDCJAC0001,23752,2006,6,29.8,Y,,,,,,,,,,
IDCJAC0001,23752,2006,7,58,Y,,,,,,,,,,
IDCJAC0001,23752,2006,8,20,Y,,,,,,,,,,
IDCJAC0001,23752,2006,9,27.8,N,,,,,,,,,,
IDCJAC0001,23752,2006,10,0.2,Y,,,,,,,,,,
IDCJAC0001,23752,2006,11,28.2,Y,,,,,,,,,,
IDCJAC0001,23752,2007,1,81.2,Y,,,,,,,,,,
IDCJAC0001,23752,2007,2,0.2,Y,,,,,,,,,,
IDCJAC0001,23752,2007,3,30.4,Y,,,,,,,,,,
IDCJAC0001,23752,2007,4,140.6,Y,,,,,,,,,,
IDCJAC0001,23752,2007,5,76.6,Y,,,,,,,,,,
IDCJAC0001,23752,2007,6,31.8,Y,,,,,,,,,,
IDCJAC0001,23752,2007,7,106.8,Y,,,,,,,,,,
IDCJAC0001,23752,2007,8,34.6,Y,,,,,,,,,,
IDCJAC0001,23752,2007,9,45.6,N,,,,,,,,,,
IDCJAC0001,23752,2007,10,33.4,Y,,,,,,,,,,
IDCJAC0001,23752,2007,11,29,Y,,,,,,,,,,
IDCJAC0001,23752,2007,12,41.4,Y,,,,,,,,,,
IDCJAC0001,23752,2008,1,1.6,Y,,,,,,,,,,
IDCJAC0001,23752,2008,2,1.6,Y,,,,,,,,,,
IDCJAC0001,23752,2008,3,20.2,Y,,,,,,,,,,
IDCJAC0001,23752,2008,4,63.4,Y,,,,,,,,,,
IDCJAC0001,23752,2008,5,99.2,Y,,,,,,,,,,
IDCJAC0001,23752,2008,6,28.6,Y,,,,,,,,,,
IDCJAC0001,23752,2008,7,104.2,Y,,,,,,,,,,
IDCJAC0001,23752,2008,8,93.6,Y,,,,,,,,,,
IDCJAC0001,23752,2008,9,32,Y,,,,,,,,,,
IDCJAC0001,23752,2008,10,14,Y,,,,,,,,,,
IDCJAC0001,23752,2008,11,20.2,Y,,,,,,,,,,
IDCJAC0001,23752,2008,12,48.2,Y,,,,,,,,,,
IDCJAC0001,23752,2009,1,0.2,Y,,,,,,,,,,
IDCJAC0001,23752,2009,3,18.4,Y,,,,,,,,,,
IDCJAC0001,23752,2009,4,130,Y,,,,,,,,,,
IDCJAC0001,23752,2009,5,54.4,Y,,,,,,,,,,
IDCJAC0001,23752,2009,6,84.8,Y,,,,,,,,,,
IDCJAC0001,23752,2009,7,151.4,Y,,,,,,,,,,
IDCJAC0001,23752,2009,8,76.8,Y,,,,,,,,,,
IDCJAC0001,23752,2009,9,108.2,Y,,,,,,,,,,
IDCJAC0001,23752,2009,10,54.8,Y,,,,,,,,,,
IDCJAC0001,23752,2009,11,47.4,Y,,,,,,,,,,
IDCJAC0001,23752,2009,12,22.4,Y,,,,,,,,,,
IDCJAC0001,23752,2010,1,19.6,Y,,,,,,,,,,
IDCJAC0001,23752,2010,2,20,Y,,,,,,,,,,
IDCJAC0001,23752,2010,3,15.6,Y,,,,,,,,,,
IDCJAC0001,23752,2010,4,60.8,Y,,,,,,,,,,
IDCJAC0001,23752,2010,5,52.8,Y,,,,,,,,,,
IDCJAC0001,23752,2010,6,53.4,Y,,,,,,,,,,
IDCJAC0001,23752,2010,7,57.6,N,,,,,,,,,,
IDCJAC0001,23752,2010,8,155.6,Y,,,,,,,,,,
IDCJAC0001,23752,2010,9,119.8,Y,,,,,,,,,,
IDCJAC0001,23752,2010,10,26.6,Y,,,,,,,,,,
IDCJAC0001,23752,2010,11,32.4,Y,,,,,,,,,,
IDCJAC0001,23752,2010,12,169.2,Y,,,,,,,,,,
IDCJAC0001,23752,2011,1,7.2,Y,,,,,,,,,,
IDCJAC0001,23752,2011,2,59,Y,,,,,,,,,,
IDCJAC0001,23752,2011,3,170.6,Y,,,,,,,,,,
IDCJAC0001,23752,2011,4,10.4,Y,,,,,,,,,,
IDCJAC0001,23752,2011,5,78.8,Y,,,,,,,,,,
IDCJAC0001,23752,2011,6,66,N,,,,,,,,,,
IDCJAC0001,23752,2011,7,73.6,Y,,,,,,,,,,
IDCJAC0001,23752,2011,8,110.8,Y,,,,,,,,,,
IDCJAC0001,23752,2011,9,49.2,Y,,,,,,,,,,
IDCJAC0001,23752,2011,10,41.5,N,,,,,,,,,,
IDCJAC0001,23752,2011,11,34.2,N,,,,,,,,,,
IDCJAC0001,23752,2011,12,44.8,Y,,,,,,,,,,
IDCJAC0001,23752,2012,1,53.8,N,,,,,,,,,,
IDCJAC0001,23752,2012,2,28.6,Y,,,,,,,,,,
IDCJAC0001,23752,2012,3,46,N,,,,,,,,,,
IDCJAC0001,23752,2012,4,14.2,Y,,,,,,,,,,
IDCJAC0001,23752,2012,5,54.2,Y,,,,,,,,,,
IDCJAC0001,23752,2012,6,80.2,Y,,,,,,,,,,
IDCJAC0001,23752,2012,7,51,Y,,,,,,,,,,
IDCJAC0001,23752,2012,8,77.2,Y,,,,,,,,,,
IDCJAC0001,23752,2012,9,45.8,Y,,,,,,,,,,
IDCJAC0001,23752,2012,10,18.3,Y,,,,,,,,,,
IDCJAC0001,23752,2012,11,12.7,Y,,,,,,,,,,
IDCJAC0001,23752,2012,12,11.8,Y,,,,,,,,,,
IDCJAC0001,23752,2013,1,10.6,Y,,,,,,,,,,
IDCJAC0001,23752,2013,2,15,Y,,,,,,,,,,
IDCJAC0001,23752,2013,3,17.8,Y,,,,,,,,,,
IDCJAC0001,23752,2013,4,56.6,Y,,,,,,,,,,
IDCJAC0001,23752,2013,5,82.8,Y,,,,,,,,,,
IDCJAC0001,23752,2013,6,103,Y,,,,,,,,,,
IDCJAC0001,23752,2013,7,139,Y,,,,,,,,,,
IDCJAC0001,23752,2013,8,129.6,Y,,,,,,,,,,
IDCJAC0001,23752,2013,9,62,Y,,,,,,,,,,
IDCJAC0001,23752,2013,10,38.2,Y,,,,,,,,,,
IDCJAC0001,23752,2013,11,5,Y,,,,,,,,,,
IDCJAC0001,23752,2013,12,24,Y,,,,,,,,,,
IDCJAC0001,23752,2014,1,29.2,Y,,,,,,,,,,
IDCJAC0001,23752,2014,2,117.5,Y,,,,,,,,,,
IDCJAC0001,23752,2014,3,17.4,Y,,,,,,,,,,
IDCJAC0001,23752,2014,4,69.2,Y,,,,,,,,,,
IDCJAC0001,23752,2014,5,75.2,Y,,,,,,,,,,
IDCJAC0001,23752,2014,6,135.6,Y,,,,,,,,,,
IDCJAC0001,23752,2014,7,144.4,Y,,,,,,,,,,
IDCJAC0001,23752,2014,8,18,Y,,,,,,,,,,
IDCJAC0001,23752,2014,9,42.2,Y,,,,,,,,,,
IDCJAC0001,23752,2014,10,7.4,Y,,,,,,,,,,
IDCJAC0001,23752,2014,11,33.6,Y,,,,,,,,,,
IDCJAC0001,23752,2014,12,13.6,Y,,,,,,,,,,
IDCJAC0001,23752,2015,1,57.4,Y,,,,,,,,,,
IDCJAC0001,23752,2015,2,1.8,Y,,,,,,,,,,
IDCJAC0001,23752,2015,3,11.8,Y,,,,,,,,,,
IDCJAC0001,23752,2015,4,61.4,Y,,,,,,,,,,
IDCJAC0001,23752,2015,5,74,Y,,,,,,,,,,
IDCJAC0001,23752,2015,6,25,Y,,,,,,,,,,
IDCJAC0001,23752,2015,7,75.8,Y,,,,,,,,,,
IDCJAC0001,23752,2015,8,84.6,Y,,,,,,,,,,
IDCJAC0001,23752,2015,9,54,Y,,,,,,,,,,
IDCJAC0001,23752,2015,10,12.6,Y,,,,,,,,,,
IDCJAC0001,23752,2015,11,19.4,Y,,,,,,,,,,
IDCJAC0001,23752,2015,12,11.6,Y,,,,,,,,,,
IDCJAC0001,23752,2016,1,26.6,Y,,,,,,,,,,
IDCJAC0001,23752,2016,2,9,Y,,,,,,,,,,
IDCJAC0001,23752,2016,3,44.2,Y,,,,,,,,,,
IDCJAC0001,23752,2016,4,12.2,Y,,,,,,,,,,
IDCJAC0001,23752,2016,5,143,Y,,,,,,,,,,
IDCJAC0001,23752,2016,6,104.7,Y,,,,,,,,,,
IDCJAC0001,23752,2016,7,109.2,Y,,,,,,,,,,
IDCJAC0001,23752,2016,8,87.6,Y,,,,,,,,,,
IDCJAC0001,23752,2016,9,230.1,Y,,,,,,,,,,
IDCJAC0001,23752,2016,10,67.5,Y,,,,,,,,,,
IDCJAC0001,23752,2016,11,34.4,Y,,,,,,,,,,
IDCJAC0001,23752,2016,12,97.8,Y,,,,,,,,,,
IDCJAC0001,23752,2017,1,60.8,Y,,,,,,,,,,
IDCJAC0001,23752,2017,2,37,Y,,,,,,,,,,
IDCJAC0001,23752,2017,3,8.6,Y,,,,,,,,,,
IDCJAC0001,23752,2017,4,84.8,Y,,,,,,,,,,
IDCJAC0001,23752,2017,6,11,Y,,,,,,,,,,
IDCJAC0001,23752,2017,7,129.2,Y,,,,,,,,,,
IDCJAC0001,23752,2017,9,58.1,Y,,,,,,,,,,
IDCJAC0001,23752,2017,10,26.8,Y,,,,,,,,,,
IDCJAC0001,23752,2017,11,44.8,Y,,,,,,,,,,
IDCJAC0001,23752,2017,12,34.2,Y,,,,,,,,,,
IDCJAC0001,23752,2018,1,14.2,Y,,,,,,,,,,
IDCJAC0001,23752,2018,2,7.2,N,,,,,,,,,,
IDCJAC0001,23752,2018,3,5.8,N,,,,,,,,,,
IDCJAC0001,23752,2018,4,26,N,,,,,,,,,,
IDCJAC0001,23752,2018,5,59,N,,,,,,,,,,
IDCJAC0001,23752,2018,6,52.8,N,,,,,,,,,,
IDCJAC0001,23752,2018,7,45.6,N,,,,,,,,,,
IDCJAC0001,23752,2018,8,100,N,,,,,,,,,,
